Параметр;Гражданская техника;Точная техника;Комментарий
Ширина активной дорожки;0.3–1.5 мм;0.05–0.3 мм;зависит от материала и Fv
Зазор между параллельными каналами;3–8 ширин;10–30 ширин;для чувствительного Резонанса больше
Номинальная нагрузка;30–60% Fsat;20–50% Fsat;оставлять запас на старение и среду
Кратковременный максимум;≤80% Fsat;≤70% Fsat;выше резко растут шум и Эхо
Количество активных слоёв;1–3;3–12;V2 не считается набором обычных слоёв
Точность изготовления;±0.1–0.5 мм;±0.01–0.1 мм;Форма-assisted tooling
Погрешность контроллера;±2–5%;±0.2–1%;после поверки
Мёртвая зона;0.5–5% диапазона;0.1–1%;по задаче
Интервал поверки;месяцы–годы;дни–месяцы;зависит от нагрузки и класса
