ID;Название;Область;Установка;Наблюдаемое;Ожидаемый результат;Главные погрешности;Статус
E01;Двухпластинчатая проводимость веллита;сцепление/материалы;"Две одинаковые V1-ячейки соединяются полосой веллита переменной длины; источник даёт малое b.";отношение отклика приёмника к источнику, фазовый сдвиг;"экспоненциально-подобное затухание; вдоль пластин проводимость существенно выше поперечной";контактный импеданс, ориентация зерна, температура;университетский стандарт
E02;Анизотропия саэрина;пространственная связь;Одинаковые образцы саэрина измеряются вдоль и поперёк слоёв.;K_parallel/K_perp;"отношение >>1; направление слоя воспроизводимо определяет канал";неидеальная ориентация, трещины, влажность;доказано
E03;Разряд селена;буфер;Селеновый образец заряжается малым смещением, затем источник отключается.;b(t), время релаксации;"несколько временных констант; дефектные образцы держат смещение дольше идеальных";предыстория образца, нагрев, остаточная поляризация;доказано
E04;Керитовая петля гистерезиса;стабилизация;Керитовый образец циклически переводится между двумя близкими структурными состояниями.;порог переключения, площадь петли;"выраженный гистерезис и повышенный Sc; сигнал проходит лучше, чем структурная перестройка";микротрещины, остаточные напряжения;доказано
E05;Эхолитовый остаточный отклик;Эхо;Два одинаковых эхолитовых сенсора: один рядом с закрытым причинным циклом, второй контрольный.;спектр слабого отклика после отключения цикла;в первом образце остаётся медленно спадающая коррелированная компонента;температура, механические вибрации, память самого сенсора;доказано, интерпретация спорна
E06;Контакт против свободного зазора;пространственная связь;Источник и приёмник измеряются при прямом контакте, через веллит и через воздушный зазор.;η_пространство;контакт >> проводящий канал >> свободный зазор;геометрия, экраны, общий стол;доказано
E07;Закон расстояния в свободной зоне;пространственная связь;Малый источник и резонансный приёмник раздвигаются от 0.1 до 5 м.;амплитуда b(r);сильное убывание, совместимое с exp(-r/lambda)/(1+r/r0) в инженерном диапазоне;отражения комнаты, люди, влажность;рабочий закон
E08;Экран нирена;экранирование;Между источником и сенсором ставятся пластины нирена разной толщины.;коэффициент передачи T(d);приблизительно экспоненциальное ослабление до уровня утечек через края;щели, крепёж, обходные пути;доказано
E09;Мералит: поглощение против отражения;экранирование;Сравнение нирена и мералита в резонаторе.;прошедшая и отражённая компонента;мералит сильнее снижает добротность и меньше возвращает когерентный сигнал;геометрия резонатора;доказано
E10;Crosstalk параллельных дорожек;визограммы;Две веллитовые дорожки переменного расстояния на общей подложке.;k12;"k12 резко падает с расстоянием; общий референс создаёт остаточную связь";подложка, контактные площадки;инженерный стандарт
E11;Насыщение Fv;общая физика;V1-ячейка нагружается возрастающим управляющим смещением.;полезный отклик/Fv, шум;после порога рост отклика замедляется, шум и нагрев растут;дрейф материала, повреждение;доказано
E12;Матрица межшкольного отклика;единая физика;Один образец возбуждается по Импульсу, Терме и Форме малыми пробами.;L_mn;диагональные элементы доминируют, но cross-coupling ненулевой и воспроизводимый;калибровка датчиков, нелинейность;доказано
E13;Импульс и реакционная опора;Импульс;Одинаковое воздействие на тележку: оператор/актуатор жёстко закреплён и подвешен.;изменение импульса обеих частей;"полный импульс системы сохраняется; без опоры полезное действие резко падает";трение, воздух;ключевой демонстрационный опыт
E14;Терма без источника тепла;Терма;Два тела разной температуры соединены управляемым тепловым каналом.;тепловой поток, интеграл энергии;Виз меняет путь/скорость обмена, но не создаёт чистую энергию;теплопотери, калориметрия;доказано
E15;Селективная кристаллизация;химия/Форма;"Раствор даёт две конкурирующие кристаллические ориентации; слабая Форма-визограмма задаёт одну.";доля целевой ориентации;"селективность растёт, но не достигает 100%; эффект сильнее при медленном росте";чистота, скорость охлаждения;доказано
E16;Катализатор + Виз-смещение;химия;Разветвлённая реакция с реальным катализатором сравнивается с тем же процессом без смещение.;выход продуктов A/B/C;Виз-смещение меняет селективность, не нарушая материальный/энергетический баланс;температура, старение катализатора;доказано
E17;Форсированное заживление и метаболический предел;Вита;Стандартизированная тканевая культура/модель заживления при разных уровнях поддержки.;скорость закрытия, потребление O2/питательных веществ, температура;"ускорение сопровождается реальным ростом метаболического расхода; затем насыщение";биологическая вариабельность;доказано
E18;Ошибка биологического референса;Вита;Две модели ткани: корректный и намеренно смещённый референс.;устойчивость физиологических параметров;неверный референс может стабилизировать патологический бассейн;сложность модели;этически ограниченный учебный опыт
E19;Back-action Резонанса;Резонанс;Один объект измеряется пробами возрастающей амплитуды.;точность оценки и изменение объекта;точность сначала растёт, но сильная проба сама сдвигает состояние;шум датчика;доказано
E20;Релаксация одиночного Эха;Континуум;Безопасный малый причинный цикл создаёт слабый остаток и полностью отключается.;H(t);в изолированном режиме H убывает примерно как сумма экспонент;фоновые циклы, память сенсора;доказано на малых H
E21;Связанное Эхо и критическое замедление;Континуум;Несколько малых безопасных остаточных узлов связываются с регулируемым обратная связь ниже нормативного порога.;время релаксации, корреляционная длина;при росте связи время релаксации резко увеличивается ещё до опасного режима;неоднородность узлов;"доказано; прямой выход к Пределу запрещён"
E22;Стабилизированный документ;Sc/Эхо;"Две одинаковые физические записи включаются в малую причинно-корректируемую лабораторную цепь; одна имеет керитовый стабилизатор.";остаточное несоответствие после коррекции;стабилизированный носитель сохраняет больше старого состояния и создаёт локальный H;механика записи, химия носителя;редкий лицензируемый опыт
E23;Башенная узкополосная передача;дальняя связь;Две резонансные станции на известной дистанции передают фиксированные кодовые состояния.;SNR, задержка, скорость символов;"дальность растёт с Q и апертурой, но полоса/скорость падают; энергии полезной нагрузки не передаётся";геология, погода среды, синхронизация;доказано
E24;Проверка отсутствия энергетической передачи;общая физика;"Приёмник башни помещён в калориметр и механически изолирован; передаётся длительный код.";энергобаланс приёмника;после учёта локального питания нет измеримого прихода энергии, соответствующего переданному сообщению;чувствительность калориметра;доказано
