Категория;Позиция;Статус;Цена;Комментарий
еда;хлеб 1 кг;рабочее;8–14 лин;текущая калибровка денежного owner Арвеля
еда;студенческий горячий обед;рабочее;20–40 лин;рабочая городская модель из 007
еда;кафе хороший обед;рабочее;30–70 лин;текущая городская калибровка
еда;кофе+десерт;OPEN;;отдельный точный диапазон после отказа от серебряного прайса не закреплён
жильё;койка/очень простая комната в месяц;OPEN;;точная месячная ставка требует жилищного прохода
жильё;студенческая комната;OPEN;;точная месячная ставка требует жилищного прохода
жильё;нормальная отдельная возле Академии;OPEN;;Нора может арендовать нормальную не роскошную комнату, точная ставка не закреплена
жильё;хорошая меблированная;OPEN;;точная месячная ставка требует жилищного прохода
одежда;рабочие сапоги;рабочее;7–14 хартов;текущая калибровка денежного owner Арвеля
