;Астер;Велор;Даран;Севель;Ренор;Бренна;Терен;Серен;Лорель;Венир;Лейвен;Норель;Мерель;Реллин;Мердан;Аведен;Телен;Инор;Дедар;Савер;Норан;Витен;Фелин;Невел;Овер;Рарин;Семер;Энел;Датер;Матарен;Бевер;Лерон;Братер;Лавель;Тарин;Аверин;Дорвен;Кетер;Канар;Ревен;Нарель;Велен;Линел;Меден;Алин;Телор;Исел;Десел;Новел;Вимар;Федар;Нерен;Олеран;Расел;Этар;Дарон;Мавел;Бемер;Лелин;Бралор;Ламен;Танар;Авемер;Дотен;Кевел;Карон;Реден;Нанел;Велдар;Лирин;Мелер;Арен;Теден;Итен;Детер;Савен;Нотен;Вилер;Фемер;Немен;Олан;Рарен;Элор;Датен;Марин;Бедал;Ледар;Бралин;Ларан;Татен;Авенор;Додар;Кетар;Кавел;Ревел;Навер;Ведал;Линор;Арон;Тесел;Итер;Дерен;Санор;Ноден;Вилен;Феран;Нелан;Одал;Ратар;Селан;Эран;Давер;Мелтан;Бенел;Лемар;Бравен;Ланар;Тамар;Донел;Кедал;Каден;Ресел;Налин;Верен;Ливер;Медал;Терин
Астер;0;294;85;284;366;165;168;186;123;339;227;521;304;443;102;212;228;344;334;64;237;289;143;323;481;647;193;290;246;297;49;436;38;38;139;171;185;269;231;424;374;194;264;422;396;242;390;282;34;313;167;401;216;402;165;199;509;103;363;548;484;385;76;155;143;216;253;355;396;53;112;210;56;188;160;120;604;183;143;153;326;643;423;619;377;68;250;29;181;463;59;465;352;180;75;158;89;303;236;281;572;510;435;317;276;128;348;318;259;200;570;177;499;123;200;428;533;258;203;305;56;139;265;63;93;317;95
Велор;294;0;337;274;512;455;263;386;346;626;432;623;595;591;280;264;522;313;466;330;395;583;407;470;582;732;386;454;431;442;332;542;330;283;365;350;476;563;262;706;323;411;421;544;525;536;542;459;326;292;366;537;399;687;421;227;641;338;490;645;620;526;264;434;348;509;428;301;332;337;257;399;261;261;399;367;691;477;259;239;286;720;570;697;665;344;417;304;466;603;313;579;637;398;307;385;336;591;379;573;664;657;569;469;419;279;639;611;552;373;678;446;606;365;371;713;624;274;430;482;350;428;256;284;246;444;365
Даран;85;337;0;247;283;178;131;103;197;292;294;597;265;359;67;174;212;303;410;134;315;261;191;241;559;724;267;207;162;373;47;513;91;63;54;250;191;245;195;370;335;260;339;498;471;220;306;198;67;274;243;318;290;351;217;176;426;21;439;625;400;458;73;189;219;208;326;320;358;112;91;127;79;152;221;36;681;177;112;131;291;720;339;696;330;31;168;109;199;379;29;541;301;95;156;225;162;257;316;246;649;425;352;391;354;87;308;284;249;121;645;217;575;190;278;377;610;219;265;221;78;158;233;53;92;395;32
Севель;284;274;247;0;258;425;119;211;402;503;508;784;487;331;188;74;455;61;600;348;506;493;425;224;742;907;470;222;222;565;282;697;315;247;229;441;438;482;53;560;90;476;534;689;664;459;288;236;294;29;444;277;491;548;448;89;373;231;628;810;354;656;208;430;419;453;528;73;112;335;172;208;229;97;444;252;863;424;142;132;44;899;310;875;536;276;199;312;445;339;247;730;503;234;351;440;372;470;499;474;832;392;305;589;543;163;525;510;492;183;836;456;763;407;470;574;792;29;487;252;315;403;22;225;192;580;277
Ренор;366;512;283;258;0;418;257;180;480;368;571;878;375;81;282;248;397;262;692;416;597;400;461;45;840;1004;548;76;122;655;329;795;373;334;230;533;417;401;251;388;283;537;621;778;752;390;30;88;350;257;525;35;571;385;486;285;144;263;721;906;118;738;313;446;502;408;606;288;299;394;291;157;335;253;497;254;962;392;272;285;277;1002;59;978;387;310;116;392;438;98;307;821;356;192;439;504;444;348;599;375;930;149;69;671;637;263;397;400;431;168;924;475;856;470;561;407;892;245;538;70;356;409;268;311;315;677;290
Бренна;165;455;178;425;418;0;307;255;144;220;179;481;178;480;239;352;82;482;309;126;230;150;77;383;448;605;180;347;301;274;146;406;127;191;212;190;23;126;372;310;513;153;244;384;358;102;433;331;140;452;169;452;197;286;91;349;549;197;334;508;523;340;228;42;162;63;223;498;536;118;259;276;215;328;117;184;564;41;286;302;469;606;463;583;256;149;317;151;21;502;180;425;241;235;156;135;130;191;243;153;533;538;483;281;264;263;218;183;101;283;520;65;459;121;205;307;499;397;143;348;115;27;410;206;248;301;151
Терен;168;263;131;119;257;307;0;128;289;406;394;680;385;338;69;45;342;178;493;231;398;386;307;213;639;805;358;192;167;458;164;593;197;130;125;332;321;372;65;473;208;361;425;583;557;348;286;196;175;146;332;286;380;458;330;50;395;117;522;707;372;548;92;312;307;339;418;191;230;218;56;137;114;21;327;142;761;308;25;28;162;798;316;774;442;158;154;197;327;353;129;625;410;145;238;325;257;372;393;369;729;405;320;480;436;44;426;406;379;110;731;337;659;291;361;484;690;91;371;219;197;285;102;107;79;475;162
Серен;186;386;103;211;180;255;128;0;300;291;394;699;278;257;115;152;260;255;513;236;417;288;286;138;661;826;369;104;59;475;149;615;193;157;50;353;260;279;169;351;286;360;442;599;573;260;204;96;169;230;345;215;392;337;311;175;323;83;541;727;297;559;143;276;322;264;427;277;309;214;132;24;162;139;320;76;782;239;127;148;251;822;236;799;325;130;66;212;276;276;127;643;292;24;259;326;264;260;419;267;750;323;249;492;457;107;315;302;297;31;746;305;677;291;381;364;712;184;362;119;177;241;205;136;151;497;112
Лорель;123;346;197;402;480;144;289;300;0;363;106;400;321;554;224;333;227;463;213;63;118;294;72;438;361;527;70;403;357;176;151;316;106;161;250;55;167;270;351;453;491;74;142;301;275;246;502;393;130;431;45;515;93;429;77;314;621;218;242;428;595;263;197;107;23;207;130;472;513;86;233;323;175;309;53;225;483;183;264;271;443;523;534;499;400;169;365;94;145;574;177;344;382;288;51;41;35;332;121;296;451;618;548;195;157;251;363;327;243;318;448;107;378;24;81;451;413;378;89;415;125;124;382;186;211;198;191
Венир;339;626;292;503;368;220;406;291;363;0;390;671;44;396;357;440;140;545;517;329;447;79;297;354;643;788;399;326;296;484;295;606;308;344;281;411;199;101;458;90;575;369;458;581;556;119;367;306;304;522;390;394;414;66;309;455;457;296;538;697;434;536;365;262;382;161;435;568;597;311;381;297;366;423;337;267;750;181;394;416;543;792;388;771;39;282;321;339;226;418;314;618;24;268;363;356;343;36;462;68;720;434;413;486;478;368;30;52;142;321;702;278;650;340;424;90;691;475;355;308;284;239;496;344;384;513;262
Лейвен;227;432;294;508;571;179;394;394;106;390;0;308;347;641;329;438;252;569;130;164;64;313;112;531;273;434;46;496;449;95;248;229;204;265;344;82;195;290;457;478;598;34;68;209;183;272;591;483;229;537;69;606;38;454;90;421;709;316;156;336;683;167;303;138;92;230;45;578;619;183;339;417;281;415;74;318;392;219;369;377;549;433;622;410;422;264;460;198;167;662;278;252;412;379;158;70;138;365;84;323;360;703;639;103;88;356;382;345;252;415;353;115;286;105;65;471;324;484;36;504;217;173;488;290;317;123;282
Норель;521;623;597;784;878;481;680;699;400;671;308;0;629;949;621;720;542;843;187;464;284;592;421;837;42;127;330;802;756;225;550;87;506;558;649;350;493;572;736;751;869;341;258;100;126;561;898;790;530;812;355;913;307;728;397;695;1017;618;158;28;991;141;591;443;379;522;272;847;888;485;625;723;567;698;382;624;84;518;655;657;820;125;930;102;696;568;765;492;465;970;577;56;695;686;446;373;436;653;286;608;52;1012;946;207;245;646;655;621;530;718;55;416;22;408;321;740;24;763;343;811;522;480;762;583;601;205;588
Мерель;304;595;265;487;375;178;385;278;321;44;347;629;0;412;331;421;96;533;473;290;404;37;254;357;601;747;356;326;292;441;262;563;272;312;261;368;156;58;440;133;564;325;414;538;514;76;378;306;270;508;347;404;371;109;265;434;475;271;495;655;452;494;336;219;339;117;391;555;586;273;355;287;335;403;293;244;708;138;371;392;528;751;402;730;79;251;316;302;183;434;284;576;66;254;323;313;302;30;418;25;679;455;426;443;434;345;45;25;99;308;661;234;608;297;381;130;649;459;312;312;248;197;479;314;356;469;233
Реллин;443;591;359;331;81;480;338;257;554;396;641;949;412;0;362;327;449;326;765;491;671;441;529;126;912;1075;621;154;198;727;404;867;448;413;305;608;476;446;330;398;342;608;694;850;823;439;53;161;425;326;598;55;643;400;554;365;69;340;793;977;43;808;393;511;576;463;678;351;355;468;372;233;415;334;567;328;1033;451;353;366;344;1073;22;1050;409;385;196;468;500;23;384;893;381;266;515;576;518;383;674;416;1001;68;32;742;710;345;426;435;480;248;993;540;927;543;635;419;964;321;607;139;428;474;344;390;396;751;363
Мердан;102;280;67;188;282;239;69;115;224;357;329;621;331;362;0;115;279;247;433;165;337;328;238;237;581;747;294;208;171;397;94;535;128;64;85;271;254;312;135;431;277;295;364;522;496;287;309;206;106;216;269;315;317;414;262;111;425;61;463;648;400;486;32;242;244;274;354;260;300;149;24;134;55;91;260;90;703;242;47;64;231;741;341;717;394;91;167;131;258;380;60;565;364;121;175;259;191;321;335;313;671;430;350;418;376;27;374;351;315;115;671;268;599;224;300;440;632;161;304;230;127;216;171;39;36;416;100
Аведен;212;264;174;74;248;352;45;152;333;440;438;720;421;327;115;0;383;132;535;276;440;425;352;206;679;845;401;193;178;499;209;634;242;175;161;374;365;412;20;503;163;405;467;624;599;389;278;201;221;101;375;274;423;489;376;38;380;159;564;747;358;590;136;357;350;381;460;146;185;263;100;155;158;24;372;181;801;351;70;63;117;838;305;814;474;203;160;241;372;340;174;666;442;173;282;370;301;406;434;407;770;393;306;522;477;89;461;444;421;128;772;383;699;336;403;515;729;46;415;222;242;330;59;152;122;516;205
Телен;228;522;212;455;397;82;342;260;227;140;252;542;96;449;279;383;0;507;380;202;308;68;159;369;512;663;260;334;292;346;194;472;192;245;227;272;60;44;403;229;538;230;319;448;423;20;407;316;196;479;251;430;275;205;169;388;517;225;402;569;491;404;276;123;244;21;296;526;561;188;302;276;269;362;197;203;623;46;324;343;498;665;435;644;174;190;313;220;87;472;223;488;161;236;234;216;211;113;322;72;593;502;457;350;339;298;136;100;38;290;577;138;521;203;285;225;561;426;217;329;172;104;442;253;297;375;180
Инор;344;313;303;61;262;482;178;255;463;545;569;843;533;326;247;132;507;0;660;408;566;541;484;235;802;966;530;243;254;626;340;757;375;307;280;501;494;531;113;596;32;536;595;749;724;510;289;259;353;32;504;273;552;585;508;149;357;286;689;870;342;717;268;489;480;507;589;26;55;395;232;247;289;156;504;304;923;478;202;192;27;958;307;934;576;333;229;373;502;329;305;790;543;279;412;501;432;514;560;521;892;381;297;649;603;221;569;556;545;224;896;515;823;467;531;611;851;86;547;271;374;461;82;284;252;640;332
Дедар;334;466;410;600;692;309;493;513;213;517;130;187;473;765;433;535;380;660;0;277;97;438;241;651;148;314;144;616;570;38;364;103;319;371;463;163;324;416;551;603;686;160;71;89;64;400;713;605;344;628;168;727;121;579;220;511;833;431;29;215;807;60;404;268;191;359;88;665;706;298;438;536;381;512;200;438;270;349;468;472;638;310;746;286;547;382;578;305;296;786;390;132;539;500;259;189;249;493;100;450;238;828;761;31;57;459;506;470;376;531;237;245;166;222;134;595;200;578;166;627;337;303;578;396;414;22;403
Савер;64;330;134;348;416;126;231;236;63;329;164;464;290;491;165;276;202;408;277;0;181;269;83;375;425;590;133;340;294;239;87;379;43;102;187;117;149;246;295;418;437;131;206;364;338;220;439;330;67;376;109;452;156;395;103;262;558;155;305;491;532;325;140;104;86;186;193;419;459;24;176;260;119;252;96;163;547;156;207;216;390;586;471;563;367;106;302;36;136;511;114;407;346;225;34;95;28;296;183;266;515;556;485;257;220;191;334;300;227;254;511;120;442;60;144;419;476;322;139;352;64;100;329;126;156;261;129
Норан;237;395;315;506;597;230;398;417;118;447;64;284;404;671;337;440;308;566;97;181;0;372;156;556;245;410;52;521;475;60;268;199;224;274;368;67;249;348;456;536;593;78;28;185;159;328;619;510;248;535;73;632;33;512;140;417;738;335;126;311;712;150;308;188;95;287;34;573;613;203;343;441;284;417;114;343;367;271;373;377;545;406;651;382;481;287;483;209;221;691;294;228;469;406;162;99;153;421;20;380;335;735;666;83;40;363;441;404;312;435;334;170;262;129;37;531;296;483;94;532;242;219;485;299;319;80;308
Витен;289;583;261;493;400;150;386;288;294;79;313;592;37;441;328;425;68;541;438;269;372;0;225;378;565;709;325;345;308;406;252;527;255;302;264;339;127;24;444;165;573;293;381;502;478;49;405;326;256;515;317;430;338;141;234;434;506;270;459;618;481;457;330;189;311;87;357;562;596;254;352;300;326;405;263;244;671;113;370;391;535;714;430;693;109;243;331;284;152;463;277;540;103;263;301;283;278;65;387;24;642;487;453;408;401;345;69;33;63;319;624;202;571;270;350;159;612;465;279;334;233;172;483;307;350;435;228
Фелин;143;407;191;425;461;77;307;286;72;297;112;421;254;529;238;352;159;484;241;83;156;225;0;422;385;546;105;386;340;204;147;341;110;178;238;113;98;201;371;387;514;81;173;322;295;179;480;373;132;453;93;496;124;363;25;341;598;213;267;448;572;279;217;36;86;138;153;497;536;90;253;309;198;328;42;210;504;117;282;294;467;545;511;522;333;160;352;117;74;551;181;364;318;270;100;59;71;268;167;230;472;591;528;215;192;264;294;258;171;310;464;39;399;48;128;384;436;398;78;393;114;63;406;200;235;231;174
Невел;323;470;241;224;45;383;213;138;438;354;531;837;357;126;237;206;369;235;651;375;556;378;422;0;799;964;507;36;83;613;288;754;332;291;188;491;384;377;212;384;260;498;580;738;711;364;73;53;308;227;483;78;530;379;447;243;188;221;680;865;163;697;269;409;460;379;566;262;278;353;246;115;291;211;458;214;921;360;227;241;247;961;104;937;377;269;73;349;404;142;264;781;345;152;397;464;403;331;557;354;889;194;113;630;595;219;382;381;405;124;884;438;815;430;519;402;851;208;499;46;315;373;232;267;270;636;250
Овер;481;582;559;742;840;448;639;661;361;643;273;42;601;912;581;679;512;802;148;425;245;565;385;799;0;166;292;764;718;186;512;46;468;518;611;311;461;543;695;726;827;305;219;64;90;531;861;753;492;771;316;875;269;702;363;654;980;579;120;68;954;108;551;409;340;491;234;806;846;447;585;685;527;657;346;586;122;486;614;617;779;162;893;138;670;530;727;453;433;933;538;27;667;648;406;336;397;624;246;579;90;975;909;170;205;606;629;594;502;679;96;383;25;370;282;715;52;722;308;774;485;445;721;543;560;165;550
Рарин;647;732;724;907;1004;605;805;826;527;788;434;127;747;1075;747;845;663;966;314;590;410;709;546;964;166;0;457;929;882;351;677;212;633;684;776;476;615;690;860;865;991;468;384;226;253;680;1025;917;657;935;481;1040;434;842;523;818;1144;745;285;99;1117;267;717;568;505;643;398;969;1009;611;750;849;693;822;508;750;44;641;780;782;942;21;1057;37;811;695;891;619;588;1097;704;183;811;812;572;500;562;771;412;726;75;1138;1073;333;371;772;770;737;648;844;86;541;149;534;447;852;115;886;469;938;649;605;885;709;726;331;714
Семер;193;386;267;470;548;180;358;369;70;399;46;330;356;621;294;401;260;530;144;133;52;325;105;507;292;457;0;472;426;106;220;247;176;231;319;36;200;301;418;489;558;35;73;231;204;280;569;461;200;498;26;583;23;465;91;381;689;288;173;358;663;192;267;138;51;239;60;538;579;154;302;392;244;377;63;294;414;221;333;339;510;454;602;430;434;238;434;164;173;642;247;274;420;356;120;47;105;371;63;332;382;685;617;124;90;321;394;358;266;387;378;123;308;78;26;484;344;446;55;482;193;168;449;256;279;130;258
Энел;290;454;207;222;76;347;192;104;403;326;496;802;326;154;208;193;334;243;616;340;521;345;386;36;764;929;472;0;47;579;253;719;297;259;153;457;348;344;201;362;270;462;545;703;676;330;101;20;273;229;449;111;495;355;411;228;219;187;645;830;194;662;239;373;426;343;531;269;289;318;220;80;260;193;422;178;886;324;204;219;250;926;133;902;351;234;41;316;368;173;231;746;319;117;363;429;368;301;523;322;854;222;145;595;560;192;353;351;370;93;848;402;780;394;485;379;816;202;463;30;280;337;227;236;243;601;214
Датер;246;431;162;222;122;301;167;59;357;296;449;756;292;198;171;178;292;254;570;294;475;308;340;83;718;882;426;47;0;532;207;673;251;216;108;411;303;304;191;342;283;415;499;656;629;289;145;36;228;235;402;158;449;333;364;209;264;142;598;783;238;615;200;326;380;300;484;278;304;272;185;37;220;173;375;132;839;280;174;192;257;879;177;856;325;188;25;271;322;217;187;699;292;70;318;382;322;269;477;285;807;264;191;549;514;158;323;316;329;58;801;356;733;348;439;358;769;198;417;60;233;290;222;195;206;555;168
Матарен;297;442;373;565;655;274;458;475;176;484;95;225;441;727;397;499;346;626;38;239;60;406;204;613;186;351;106;579;532;0;326;140;282;334;425;126;290;383;516;571;652;123;33;126;100;366;676;567;306;594;130;690;84;547;184;476;795;394;66;252;769;91;368;232;154;325;51;632;672;261;402;499;344;476;163;400;308;314;433;437;604;347;708;324;515;344;541;268;262;748;353;169;507;463;222;151;211;460;67;417;276;791;723;27;24;423;475;438;344;493;274;210;203;184;97;564;237;543;131;589;299;266;544;359;379;29;365
Бевер;49;332;47;282;329;146;164;149;151;295;248;550;262;404;94;209;194;340;364;87;268;252;147;288;512;677;220;253;207;326;0;466;44;51;100;204;162;233;229;378;371;213;293;451;424;206;352;243;21;309;196;364;243;358;172;204;471;68;392;578;445;411;83;148;173;186;279;355;394;66;114;173;75;185;175;76;634;154;141;156;326;674;384;650;334;21;215;66;164;424;35;494;307;139;112;179;115;259;270;241;602;470;398;344;308;120;307;279;229;168;598;175;528;144;232;383;563;255;218;265;34;122;266;61;104;348;47
Лерон;436;542;513;697;795;406;593;615;316;606;229;87;563;867;535;634;472;757;103;379;199;527;341;754;46;212;247;719;673;140;466;0;422;472;566;265;420;505;649;689;782;261;174;29;49;492;816;708;446;725;271;830;224;666;319;608;935;534;74;114;909;70;505;367;294;452;189;761;801;401;539;639;481;611;301;541;168;445;569;571;734;207;848;183;634;485;681;407;392;888;492;37;629;603;360;291;351;585;200;541;136;931;864;126;159;560;593;557;464;633;140;341;66;325;236;680;97;676;265;729;439;402;675;497;514;119;505
Братер;38;330;91;315;373;127;197;193;106;308;204;506;272;448;128;242;192;375;319;43;224;255;110;332;468;633;176;297;251;282;44;422;0;69;144;160;148;234;262;395;405;170;248;407;380;207;396;287;25;343;152;409;199;373;133;232;515;112;348;534;489;367;108;119;129;179;235;387;427;22;143;217;91;218;133;120;589;147;173;185;358;629;428;605;347;63;259;31;143;468;74;450;323;182;70;135;71;274;226;249;557;513;442;300;263;155;316;285;222;212;554;142;484;100;187;398;519;288;177;309;26;101;297;90;127;304;87
Лавель;38;283;63;247;334;191;130;157;161;344;265;558;312;413;64;175;245;307;371;102;274;302;178;291;518;684;231;259;216;334;51;472;69;0;113;208;209;283;194;425;337;232;301;459;433;257;360;253;52;275;205;369;254;405;201;163;478;77;400;585;452;423;39;187;180;236;291;319;359;88;75;180;24;151;197;100;640;203;105;116;290;679;392;655;382;62;218;67;209;432;35;502;355;154;112;196;127;308;272;291;608;480;403;354;313;90;356;329;278;167;607;211;536;161;237;431;569;221;241;276;76;166;229;25;58;353;85
Тарин;139;365;54;229;230;212;125;50;250;281;344;649;261;305;85;161;227;280;463;187;368;264;238;188;611;776;319;153;108;425;100;566;144;113;0;303;219;253;180;350;312;310;392;550;523;230;253;144;120;252;295;265;342;334;263;174;372;36;491;677;346;510;107;230;272;228;378;299;334;165;108;73;122;142;271;28;733;201;115;136;272;773;285;749;317;81;116;163;233;325;80;593;286;42;210;276;215;247;370;246;701;371;299;443;407;89;301;283;265;72;696;259;627;242;331;361;663;201;313;167;127;196;219;94;120;448;64
Аверин;171;350;250;441;533;190;332;353;55;411;82;350;368;608;271;374;272;501;163;117;67;339;113;491;311;476;36;457;411;126;204;265;160;208;303;0;212;315;391;500;529;65;94;252;226;292;556;447;183;470;23;568;53;477;107;352;675;270;192;378;649;216;242;149;33;251;88;508;549;140;276;377;218;350;77;280;433;230;306;311;480;472;588;448;446;223;418;143;187;628;228;295;431;342;96;57;90;381;66;343;401;673;602;148;106;297;408;372;283;369;400;140;329;74;30;497;362;418;86;469;180;173;420;233;253;146;246
Дорвен;185;476;191;438;417;23;321;260;167;199;195;493;156;476;254;365;60;494;324;149;249;127;98;384;461;615;200;348;303;290;162;420;148;209;219;212;0;103;385;289;525;171;261;397;371;81;431;331;158;464;190;451;216;265;110;364;545;208;348;520;519;353;245;63;184;40;239;510;548;139;275;280;233;342;137;192;575;26;300;317;482;617;461;595;235;163;321;172;28;499;195;437;220;239;179;156;154;172;262;132;544;533;481;296;281;277;196;160;78;289;530;80;471;143;225;286;511;410;159;347;133;49;423;223;265;318;161
Кетер;269;563;245;482;401;126;372;279;270;101;290;572;58;446;312;412;44;531;416;246;348;24;201;377;543;690;301;344;304;383;233;505;234;283;253;315;103;0;432;189;563;269;357;480;456;27;408;324;236;505;293;432;315;164;210;420;512;256;437;598;487;436;312;165;287;63;334;552;586;231;336;293;307;392;239;231;652;90;356;376;524;694;434;673;133;226;327;263;128;469;259;519;124;255;278;259;255;81;363;37;622;494;457;385;377;330;93;57;42;310;604;178;551;246;326;183;592;453;255;334;213;148;471;290;333;412;213
Канар;231;262;195;53;251;372;65;169;351;458;457;736;440;330;135;20;403;113;551;295;456;444;371;212;695;860;418;201;191;516;229;649;262;194;180;391;385;432;0;520;143;424;484;640;615;409;282;211;241;81;393;275;441;506;395;44;379;179;580;763;358;607;155;377;368;402;478;126;165;282;119;170;176;44;391;201;816;371;89;80;97;853;308;829;492;223;171;260;392;341;194;682;460;191;299;388;319;425;451;426;785;395;307;539;494;109;480;463;441;143;788;403;715;354;420;532;745;27;434;231;262;350;39;172;140;532;225
Ревен;424;706;370;560;388;310;473;351;453;90;478;751;133;398;431;503;229;596;603;418;536;165;387;384;726;865;489;362;342;571;378;689;395;425;350;500;289;189;520;0;626;458;546;664;640;209;380;343;389;576;480;408;503;24;398;523;451;371;623;777;431;620;443;352;472;250;523;620;647;399;455;352;446;488;426;341;829;271;465;487;597;871;395;851;56;364;367;426;316;418;394;700;72;330;452;445;432;122;551;157;800;423;420;572;566;440;97;133;227;378;779;367;731;430;514;22;772;534;444;339;370;329;556;423;461;600;341
Нарель;374;323;335;90;283;513;208;286;491;575;598;869;564;342;277;163;538;32;686;437;593;573;514;260;827;991;558;270;283;652;371;782;405;337;312;529;525;563;143;626;0;565;622;775;750;542;309;287;384;62;532;291;580;615;538;177;369;317;715;895;355;743;298;520;508;539;617;23;23;425;262;278;318;187;533;336;947;510;232;221;49;982;324;958;607;364;258;402;533;344;336;816;574;310;440;530;461;545;586;553;916;395;312;676;630;252;600;588;576;256;922;545;848;496;558;641;876;117;576;298;405;492;109;315;281;666;364
Велен;194;411;260;476;537;153;361;360;74;369;34;341;325;608;295;405;230;536;160;131;78;293;81;498;305;468;35;462;415;123;213;261;170;232;310;65;171;269;424;458;565;0;92;242;215;250;557;450;195;505;45;573;45;434;62;388;676;281;186;369;650;200;270;111;64;208;72;546;586;149;305;383;248;381;41;284;425;193;336;344;517;466;589;442;402;230;426;165;143;629;244;285;391;345;126;36;105;342;94;301;393;671;606;135;111;322;363;326;234;381;386;91;319;71;61;453;356;451;21;470;183;144;456;256;284;150;248
Линел;264;421;339;534;621;244;425;442;142;458;68;258;414;694;364;467;319;595;71;206;28;381;173;580;219;384;73;545;499;33;293;174;248;301;392;94;261;357;484;546;622;92;0;159;133;339;642;534;273;563;97;656;51;522;154;445;762;360;100;286;736;122;335;202;121;298;24;601;642;227;370;465;312;444;131;367;341;285;400;405;573;381;675;357;490;311;507;235;233;715;319;202;480;429;189;119;178;432;42;390;309;758;690;55;20;390;449;413;320;460;307;181;236;151;64;539;271;511;102;556;266;236;513;326;346;58;332
Меден;422;544;498;689;778;384;583;599;301;581;209;100;538;850;522;624;448;749;89;364;185;502;322;738;64;226;231;703;656;126;451;29;407;459;550;252;397;480;640;664;775;242;159;0;27;467;799;691;431;717;256;814;208;640;299;600;918;519;60;127;892;44;493;345;280;428;172;754;794;385;528;623;470;601;282;524;183;422;558;561;726;224;831;201;608;469;665;393;369;871;478;43;604;586;347;274;336;560;189;516;151;912;847;107;147;548;567;531;439;618;148;319;78;308;222;653;115;667;244;712;423;382;667;485;504;109;488
Алин;396;525;471;664;752;358;557;573;275;556;183;126;514;823;496;599;423;724;64;338;159;478;295;711;90;253;204;676;629;100;424;49;380;433;523;226;371;456;615;640;750;215;133;27;0;443;772;664;405;693;229;787;181;616;272;575;891;492;36;154;865;21;468;319;253;403;145;729;770;359;502;597;444;576;256;497;210;397;532;536;702;251;804;227;584;442;639;367;343;844;452;70;580;560;321;247;310;536;164;492;178;886;820;81;121;523;543;508;415;592;174;293;104;281;196;630;141;642;218;685;396;355;642;458;478;85;462
Телор;242;536;220;459;390;102;348;260;246;119;272;561;76;439;287;389;20;510;400;220;328;49;179;364;531;680;280;330;289;366;206;492;207;257;230;292;81;27;409;209;542;250;339;467;443;0;399;311;210;483;271;422;295;185;190;396;506;231;422;587;481;423;286;143;264;42;317;530;565;205;311;275;281;368;218;208;641;65;331;351;502;684;426;662;154;200;310;236;107;462;234;507;141;236;252;237;229;94;342;51;611;490;448;370;359;306;116;81;41;291;595;159;539;223;305;205;580;431;237;322;186;123;448;264;307;395;188
Исел;390;542;306;288;30;433;286;204;502;367;591;898;378;53;309;278;407;289;713;439;619;405;480;73;861;1025;569;101;145;676;352;816;396;360;253;556;431;408;282;380;309;557;642;799;772;399;0;109;372;286;546;28;592;379;504;315;120;287;742;926;93;758;340;463;524;420;627;315;324;416;319;180;361;283;517;276;982;406;301;314;305;1023;32;999;384;332;142;416;453;73;331;842;354;213;463;525;466;350;622;380;950;121;50;691;658;291;396;402;440;194;943;492;876;491;583;400;913;275;557;87;377;426;298;337;342;699;311
Десел;282;459;198;236;88;331;196;96;393;306;483;790;306;161;206;201;316;259;605;330;510;326;373;53;753;917;461;20;36;567;243;708;287;253;144;447;331;324;211;343;287;450;534;691;664;311;109;0;264;245;438;123;484;335;398;235;228;179;633;818;202;650;236;358;416;326;519;285;307;307;219;73;256;199;409;167;874;307;205;222;266;915;141;891;331;224;42;307;352;181;223;734;299;105;354;417;358;281;513;302;842;228;156;584;550;192;333;331;352;91;836;388;768;383;474;360;805;215;450;24;268;322;239;231;241;591;203
Новел;34;326;67;294;350;140;175;169;130;304;229;530;270;425;106;221;196;353;344;67;248;256;132;308;492;657;200;273;228;306;21;446;25;52;120;183;158;236;241;389;384;195;273;431;405;210;372;264;0;322;176;385;223;368;156;213;492;88;372;558;466;392;89;137;153;186;260;366;406;46;123;193;76;197;157;97;614;153;152;165;337;653;405;630;343;41;235;46;157;445;50;474;318;159;91;160;95;269;250;248;582;490;419;324;287;133;314;285;229;187;578;162;509;124;211;393;543;267;201;286;25;115;277;69;109;328;66
Вимар;313;292;274;29;257;452;146;230;431;522;537;812;508;326;216;101;479;32;628;376;535;515;453;227;771;935;498;229;235;594;309;725;343;275;252;470;464;505;81;576;62;505;563;717;693;483;286;245;322;0;473;272;520;565;476;118;364;257;657;839;347;685;236;458;448;478;557;47;84;364;201;225;257;125;472;276;892;449;170;160;21;927;306;903;554;303;211;341;472;332;275;759;521;254;380;469;400;490;528;496;860;385;299;617;572;190;545;531;517;201;865;484;791;435;499;590;820;55;515;259;343;430;50;253;220;609;303
Федар;167;366;243;444;525;169;332;345;45;390;69;355;347;598;269;375;251;504;168;109;73;317;93;483;316;481;26;449;402;130;196;271;152;205;295;23;190;293;393;480;532;45;97;256;229;271;546;438;176;473;0;560;49;456;84;355;666;263;197;382;640;218;241;128;25;230;86;513;553;131;276;369;218;351;55;270;438;210;307;313;484;478;579;454;425;214;410;138;165;619;222;299;410;333;94;35;81;361;78;322;406;662;593;149;112;295;386;350;261;363;403;117;333;57;38;476;368;420;65;459;170;154;423;230;254;153;236
Нерен;401;537;318;277;35;452;286;215;515;394;606;913;404;55;315;274;430;273;727;452;632;430;496;78;875;1040;583;111;158;690;364;830;409;369;265;568;451;432;275;408;291;573;656;814;787;422;28;123;385;272;560;0;606;407;521;311;110;298;756;941;86;773;346;481;537;442;642;299;305;429;323;191;368;281;532;290;997;426;303;315;290;1037;34;1013;411;345;151;427;473;66;342;857;381;227;474;540;479;376;634;405;965;120;35;706;672;296;423;428;464;202;959;510;891;506;596;428;927;267;573;104;391;444;289;345;347;713;325
Олеран;216;399;290;491;571;197;380;392;93;414;38;307;371;643;317;423;275;552;121;156;33;338;124;530;269;434;23;495;449;84;243;224;199;254;342;53;216;315;441;503;580;45;51;208;181;295;592;484;223;520;49;606;0;479;106;403;711;311;150;335;685;169;289;155;73;253;37;560;600;177;325;415;266;400;82;317;391;238;355;361;531;431;624;407;448;261;457;187;188;664;270;251;436;379;142;68;129;387;49;346;359;707;640;101;68;344;408;371;279;410;355;136;285;101;29;498;321;468;61;505;215;187;471;279;302;109;281
Расел;402;687;351;548;385;286;458;337;429;66;454;728;109;400;414;489;205;585;579;395;512;141;363;379;702;842;465;355;333;547;358;666;373;405;334;477;265;164;506;24;615;434;522;640;616;185;379;335;368;565;456;407;479;0;374;507;456;353;599;753;435;596;424;328;448;226;498;610;637;377;438;340;427;473;402;324;805;247;449;470;586;847;396;827;32;344;358;404;291;421;374;676;51;316;429;421;409;100;527;134;776;429;421;548;542;423;73;109;203;365;756;342;707;406;490;27;749;521;420;333;349;305;543;404;443;576;322
Этар;165;421;217;448;486;91;330;311;77;309;90;397;265;554;262;376;169;508;220;103;140;234;25;447;363;523;91;411;364;184;172;319;133;201;263;107;110;210;395;398;538;62;154;299;272;190;504;398;156;476;84;521;106;374;0;364;622;238;246;425;596;256;241;49;85;148;133;520;560;113;276;334;221;351;29;235;481;132;306;317;491;522;536;499;343;185;377;139;83;575;205;341;330;295;115;50;86;281;153;241;449;615;553;193;173;288;304;267;177;335;440;33;375;55;116;394;414;422;54;417;139;83;430;223;258;211;199
Дарон;199;227;176;89;285;349;50;175;314;455;421;695;434;365;111;38;388;149;511;262;417;434;341;243;654;818;381;228;209;476;204;608;232;163;174;352;364;420;44;523;177;388;445;600;575;396;315;235;213;118;355;311;403;507;364;0;417;164;540;722;395;567;124;350;331;384;440;158;198;251;90;183;143;37;358;191;775;353;65;47;129;811;343;787;491;201;193;226;368;377;170;642;460;194;263;353;285;421;411;418;744;431;344;500;454;90;475;455;425;155;747;374;674;320;381;534;703;69;400;256;236;326;68;144;106;491;208
Мавел;509;641;426;373;144;549;395;323;621;457;709;1017;475;69;425;380;517;357;833;558;738;506;598;188;980;1144;689;219;264;795;471;935;515;478;372;675;545;512;379;451;369;676;762;918;891;506;120;228;492;364;666;110;711;456;622;417;0;406;861;1045;26;877;456;580;644;531;746;381;378;535;433;299;478;389;636;396;1101;519;412;424;379;1142;87;1118;467;452;260;535;568;47;450;961;440;333;582;644;586;446;741;481;1069;35;75;811;778;406;486;498;547;311;1062;609;995;611;702;472;1032;367;676;206;496;543;388;455;457;819;430
Бемер;103;338;21;231;263;197;117;83;218;296;316;618;271;340;61;159;225;286;431;155;335;270;213;221;579;745;288;187;142;394;68;534;112;77;36;270;208;256;179;371;317;281;360;519;492;231;287;179;88;257;263;298;311;353;238;164;406;0;460;646;380;480;75;209;240;222;347;303;340;134;85;107;87;137;243;30;701;193;100;121;275;741;319;717;334;52;148;129;217;360;45;562;304;78;176;247;183;261;337;254;669;406;332;412;375;75;314;292;262;100;666;237;596;212;299;379;631;203;286;202;99;177;218;60;92;416;46
Лелин;363;490;439;628;721;334;522;541;242;538;156;158;495;793;463;564;402;689;29;305;126;459;267;680;120;285;173;645;598;66;392;74;348;400;491;192;348;437;580;623;715;186;100;60;36;422;742;633;372;657;197;756;150;599;246;540;861;460;0;186;835;38;433;294;220;381;115;694;734;327;467;565;410;541;227;466;242;373;498;501;666;281;774;258;567;411;607;334;320;814;419;103;561;529;288;217;277;515;129;472;209;856;789;53;87;488;526;490;397;560;208;269;137;250;163;614;171;607;192;655;365;329;607;425;443;49;431
Бралор;548;645;625;810;906;508;707;727;428;697;336;28;655;977;648;747;569;870;215;491;311;618;448;865;68;99;358;830;783;252;578;114;534;585;677;378;520;598;763;777;895;369;286;127;154;587;926;818;558;839;382;941;335;753;425;722;1045;646;186;0;1019;169;618;471;406;549;299;873;914;513;652;750;595;725;410;651;56;546;682;684;846;97;958;75;722;596;792;520;492;998;605;84;721;714;473;401;463;679;314;634;24;1039;974;235;272;674;681;646;556;745;37;444;50;435;348;765;23;789;371;839;550;507;788;610;628;232;616
Ламен;484;620;400;354;118;523;372;297;595;434;683;991;452;43;400;358;491;342;807;532;712;481;572;163;954;1117;663;194;238;769;445;909;489;452;346;649;519;487;358;431;355;650;736;892;865;481;93;202;466;347;640;86;685;435;596;395;26;380;835;1019;0;850;431;554;618;505;720;367;366;509;409;274;453;366;609;369;1075;493;388;400;363;1115;61;1092;445;426;235;509;542;21;424;935;418;307;556;618;560;422;715;457;1043;39;52;784;752;381;464;475;522;286;1036;583;969;584;676;452;1006;347;649;180;470;517;369;429;433;792;404
Танар;385;526;458;656;738;340;548;559;263;536;167;141;494;808;486;590;404;717;60;325;150;457;279;697;108;267;192;662;615;91;411;70;367;423;510;216;353;436;607;620;743;200;122;44;21;423;758;650;392;685;218;773;169;596;256;567;877;480;38;169;850;0;458;302;242;383;132;723;763;346;492;583;434;567;241;484;225;378;523;527;695;266;789;243;564;429;625;356;325;829;440;85;560;546;311;233;298;516;158;472;193;870;806;68;114;512;523;487;395;579;186;276;119;268;187;610;158;634;202;671;383;338;635;448;469;82;448
Авемер;76;264;73;208;313;228;92;143;197;365;303;591;336;393;32;136;276;268;404;140;308;330;217;269;551;717;267;239;200;368;83;505;108;39;107;242;245;312;155;443;298;270;335;493;468;286;340;236;89;236;241;346;289;424;241;124;456;75;433;618;431;458;0;226;216;269;327;279;319;128;36;164;24;112;236;104;673;236;66;77;250;711;372;687;403;87;198;105;246;411;53;536;374;146;147;234;165;329;305;317;641;461;381;389;347;55;380;355;311;146;642;250;570;200;271;450;602;182;279;260;113;203;189;23;21;386;103
Дотен;155;434;189;430;446;42;312;276;107;262;138;443;219;511;242;357;123;489;268;104;188;189;36;409;409;568;138;373;326;232;148;367;119;187;230;149;63;165;377;352;520;111;202;345;319;143;463;358;137;458;128;481;155;328;49;350;580;209;294;471;554;302;226;0;122;102;181;503;542;103;260;298;210;333;75;202;527;83;288;302;474;568;494;545;297;157;341;134;39;533;183;387;283;258;128;94;100;233;201;194;495;572;512;241;222;268;259;223;136;302;484;29;421;83;163;348;460;403;102;377;115;37;413;206;245;260;166
Кевел;143;348;219;419;502;162;307;322;23;382;92;379;339;576;244;350;244;480;191;86;95;311;86;460;340;505;51;426;380;154;173;294;129;180;272;33;184;287;368;472;508;64;121;280;253;264;524;416;153;448;25;537;73;448;85;331;644;240;220;406;618;242;216;122;0;224;111;488;528;108;251;346;193;327;57;248;462;201;282;288;459;501;557;477;418;192;387;114;161;597;199;323;401;311;69;38;58;351;98;314;430;641;571;174;135;270;380;344;258;339;427;117;357;42;59;469;391;395;82;438;148;143;398;206;229;176;214
Карон;216;509;208;453;408;63;339;264;207;161;230;522;117;463;274;381;21;507;359;186;287;87;138;379;491;643;239;343;300;325;186;452;179;236;228;251;40;63;402;250;539;208;298;428;403;42;420;326;186;478;230;442;253;226;148;384;531;222;381;549;505;383;269;102;224;0;275;525;561;174;296;281;260;359;176;203;603;33;319;338;497;645;448;624;195;183;320;206;65;486;217;467;182;241;217;196;193;135;301;93;573;517;470;329;318;295;156;120;43;294;557;117;500;183;264;246;541;425;195;339;161;86;440;246;290;353;177
Реден;253;428;326;528;606;223;418;427;130;435;45;272;391;678;354;460;296;589;88;193;34;357;153;566;234;398;60;531;484;51;279;189;235;291;378;88;239;334;478;523;617;72;24;172;145;317;627;519;260;557;86;642;37;498;133;440;746;347;115;299;720;132;327;181;111;275;0;596;637;214;362;451;303;437;112;352;355;263;392;398;568;396;659;372;467;297;493;224;211;699;307;215;457;414;179;102;165;410;54;368;323;741;675;65;44;381;426;390;296;447;318;159;250;136;60;516;286;505;80;540;251;215;508;316;339;79;316
Нанел;355;301;320;73;288;498;191;277;472;568;578;847;555;351;260;146;526;26;665;419;573;562;497;262;806;969;538;269;278;632;355;761;387;319;299;508;510;552;126;620;23;546;601;754;729;530;315;285;366;47;513;299;560;610;520;158;381;303;694;873;367;723;279;503;488;525;596;0;41;407;244;271;300;170;515;323;926;496;215;203;29;960;332;936;600;349;254;383;518;354;320;795;567;301;421;511;442;536;565;543;895;406;322;656;609;235;592;578;564;247;900;528;827;477;537;635;854;101;557;297;388;476;90;297;263;645;349
Велдар;396;332;358;112;299;536;230;309;513;597;619;888;586;355;300;185;561;55;706;459;613;596;536;278;846;1009;579;289;304;672;394;801;427;359;334;549;548;586;165;647;23;586;642;794;770;565;324;307;406;84;553;305;600;637;560;198;378;340;734;914;366;763;319;542;528;561;637;41;0;447;284;300;340;209;555;359;966;533;254;243;69;1000;338;976;628;387;279;424;556;355;359;835;595;333;461;551;483;567;606;575;935;405;324;696;649;274;622;610;599;278;941;568;867;518;578;662;894;139;598;317;427;515;131;337;303;686;387
Лирин;53;337;112;335;394;118;218;214;86;311;183;485;273;468;149;263;188;395;298;24;203;254;90;353;447;611;154;318;272;261;66;401;22;88;165;140;139;231;282;399;425;149;227;385;359;205;416;307;46;364;131;429;177;377;113;251;535;134;327;513;509;346;128;103;108;174;214;407;447;0;163;238;109;239;111;140;568;142;193;205;378;608;448;584;350;84;280;33;131;488;95;429;327;203;56;113;50;277;206;249;536;533;463;278;243;176;317;285;216;233;532;124;463;78;167;401;498;309;155;329;40;91;317;111;146;283;106
Мелер;112;257;91;172;291;259;56;132;233;381;339;625;355;372;24;100;302;232;438;176;343;352;253;246;585;750;302;220;185;402;114;539;143;75;108;276;275;336;119;455;262;305;370;528;502;311;319;219;123;201;276;323;325;438;276;90;433;85;467;652;409;492;36;260;251;296;362;244;284;163;0;150;58;76;272;114;707;264;31;43;215;744;350;720;418;113;178;141;278;389;80;570;388;141;182;270;201;346;339;337;675;440;358;424;381;28;398;375;338;128;676;285;604;235;306;464;635;146;315;243;146;236;154;54;25;420;123
Арен;210;399;127;208;157;276;137;24;323;297;417;723;287;233;134;155;276;247;536;260;441;300;309;115;685;849;392;80;37;499;173;639;217;180;73;377;280;293;170;352;278;383;465;623;597;275;180;73;193;225;369;191;415;340;334;183;299;107;565;750;274;583;164;298;346;281;451;271;300;238;150;0;183;146;343;99;806;258;141;160;246;846;213;822;329;154;43;236;297;253;151;666;296;41;283;350;288;267;443;278;774;300;226;516;481;123;322;311;313;28;769;328;701;315;405;366;736;182;386;96;200;263;205;158;170;521;136
Теден;56;261;79;229;335;215;114;162;175;366;281;567;335;415;55;158;269;289;381;119;284;326;198;291;527;693;244;260;220;344;75;481;91;24;122;218;233;307;176;446;318;248;312;470;444;281;361;256;76;257;218;368;266;427;221;143;478;87;410;595;453;434;24;210;193;260;303;300;340;109;58;183;0;134;215;114;649;227;89;97;271;687;393;663;404;84;219;84;232;433;53;512;376;163;124;212;143;330;281;314;618;482;403;366;323;79;379;352;303;167;618;233;546;178;248;453;578;203;258;280;100;190;209;27;37;362;105
Итен;188;261;152;97;253;328;21;139;309;423;415;698;403;334;91;24;362;156;512;252;417;405;328;211;657;822;377;193;173;476;185;611;218;151;142;350;342;392;44;488;187;381;444;601;576;368;283;199;197;125;351;281;400;473;351;37;389;137;541;725;366;567;112;333;327;359;437;170;209;239;76;146;134;0;348;161;779;329;45;41;141;816;312;792;458;179;157;217;348;348;150;643;426;159;258;346;277;389;412;387;747;401;315;499;455;66;443;425;399;118;749;359;677;311;380;500;707;70;391;221;218;306;81;128;98;493;183
Детер;160;399;221;444;497;117;327;320;53;337;74;382;293;567;260;372;197;504;200;96;114;263;42;458;346;508;63;422;375;163;175;301;133;197;271;77;137;239;391;426;533;41;131;282;256;218;517;409;157;472;55;532;82;402;29;358;636;243;227;410;609;241;236;75;57;176;112;515;555;111;272;343;215;348;0;244;466;158;303;312;486;506;549;483;371;191;386;131;111;589;207;325;358;305;99;20;73;308;126;269;434;630;565;176;150;287;333;296;206;342;426;63;360;38;88;422;397;418;44;430;144;105;425;221;252;189;208
Савен;120;367;36;252;254;184;142;76;225;267;318;624;244;328;90;181;203;304;438;163;343;244;210;214;586;750;294;178;132;400;76;541;120;100;28;280;192;231;201;341;336;284;367;524;497;208;276;167;97;276;270;290;317;324;235;191;396;30;466;651;369;484;104;202;248;203;352;323;359;140;114;99;114;161;244;0;707;174;128;149;295;747;308;724;305;56;142;142;205;349;65;567;274;63;188;250;190;232;346;227;675;393;323;417;382;101;286;265;241;100;670;231;602;216;307;350;637;223;286;189;101;168;240;87;121;423;36
Нотен;604;691;681;863;962;564;761;782;483;750;392;84;708;1033;703;801;623;923;270;547;367;671;504;921;122;44;414;886;839;308;634;168;589;640;733;433;575;652;816;829;947;425;341;183;210;641;982;874;614;892;438;997;391;805;481;775;1101;701;242;56;1075;225;673;527;462;603;355;926;966;568;707;806;649;779;466;707;0;601;736;738;899;42;1014;24;774;652;848;575;548;1054;660;140;774;769;529;457;519;733;368;688;32;1095;1030;291;327;729;733;699;610;801;52;499;106;491;404;816;72;843;427;895;606;563;841;666;682;287;672
Вилер;183;477;177;424;392;41;308;239;183;181;219;518;138;451;242;351;46;478;349;156;271;113;117;360;486;641;221;324;280;314;154;445;147;203;201;230;26;90;371;271;510;193;285;422;397;65;406;307;153;449;210;426;238;247;132;353;519;193;373;546;493;378;236;83;201;33;263;496;533;142;264;258;227;329;158;174;601;0;288;306;467;643;435;621;217;152;298;174;53;473;185;463;201;217;188;176;165;151;284;114;570;507;456;320;304;264;181;146;76;269;557;104;497;159;245;268;536;395;183;323;128;59;410;214;257;342;146
Фемер;143;259;112;142;272;286;25;127;264;394;369;655;371;353;47;70;324;202;468;207;373;370;282;227;614;780;333;204;174;433;141;569;173;105;115;306;300;356;89;465;232;336;400;558;532;331;301;205;152;170;307;303;355;449;306;65;412;100;498;682;388;523;66;288;282;319;392;215;254;193;31;141;89;45;303;128;736;288;0;22;185;774;331;750;431;137;164;172;305;369;106;600;400;141;213;300;231;360;369;354;705;421;337;455;411;26;413;392;360;116;706;314;634;266;336;475;665;116;346;229;174;263;125;83;54;450;144
Немен;153;239;131;132;285;302;28;148;271;416;377;657;392;366;64;63;343;192;472;216;377;391;294;241;617;782;339;219;192;437;156;571;185;116;136;311;317;376;80;487;221;344;405;561;536;351;314;222;165;160;313;315;361;470;317;47;424;121;501;684;400;527;77;302;288;338;398;203;243;205;43;160;97;41;312;149;738;306;22;0;174;775;344;751;452;155;180;181;321;381;122;603;421;162;220;309;240;381;372;375;707;434;349;459;415;47;434;413;379;134;709;327;636;275;340;497;667;107;355;245;188;278;112;96;60;453;163
Олан;326;286;291;44;277;469;162;251;443;543;549;820;528;344;231;117;498;27;638;390;545;535;467;247;779;942;510;250;257;604;326;734;358;290;272;480;482;524;97;597;49;517;573;726;702;502;305;266;337;21;484;290;531;586;491;129;379;275;666;846;363;695;250;474;459;497;568;29;69;378;215;246;271;141;486;295;899;467;185;174;0;934;324;910;575;320;233;354;489;349;291;768;542;275;392;482;413;511;537;516;868;402;316;628;581;206;566;552;535;222;873;499;800;448;509;612;828;72;528;280;359;447;61;268;234;618;321
Рарен;643;720;720;899;1002;606;798;822;523;792;433;125;751;1073;741;838;665;958;310;586;406;714;545;961;162;21;454;926;879;347;674;207;629;679;773;472;617;694;853;871;982;466;381;224;251;684;1023;915;653;927;478;1037;431;847;522;811;1142;741;281;97;1115;266;711;568;501;645;396;960;1000;608;744;846;687;816;506;747;42;643;774;775;934;0;1055;24;816;692;888;614;589;1095;700;181;816;810;567;498;559;775;407;730;73;1136;1070;331;366;767;775;741;652;841;92;541;147;531;443;858;110;879;468;936;646;605;877;704;720;326;712
Элор;423;570;339;310;59;463;316;236;534;388;622;930;402;22;341;305;435;307;746;471;651;430;511;104;893;1057;602;133;177;708;384;848;428;392;285;588;461;434;308;395;324;589;675;831;804;426;32;141;405;306;579;34;624;396;536;343;87;319;774;958;61;789;372;494;557;448;659;332;338;448;350;213;393;312;549;308;1014;435;331;344;324;1055;0;1031;403;365;174;448;483;40;364;874;374;246;495;557;499;373;654;405;982;90;25;723;691;323;418;426;467;226;975;523;908;523;615;415;945;300;589;119;409;457;322;369;374;731;343
Датен;619;697;696;875;978;583;774;799;499;771;410;102;730;1050;717;814;644;934;286;563;382;693;522;937;138;37;430;902;856;324;650;183;605;655;749;448;595;673;829;851;958;442;357;201;227;662;999;891;630;903;454;1013;407;827;499;787;1118;717;258;75;1092;243;687;545;477;624;372;936;976;584;720;822;663;792;483;724;24;621;750;751;910;24;1031;0;796;668;864;590;567;1071;676;158;795;786;543;474;535;754;383;709;51;1113;1047;308;342;743;755;721;631;817;76;519;124;508;419;839;86;855;445;912;623;582;853;680;696;302;688
Марин;377;665;330;536;387;256;442;325;400;39;422;696;79;409;394;474;174;576;547;367;481;109;333;377;670;811;434;351;325;515;334;634;347;382;317;446;235;133;492;56;607;402;490;608;584;154;384;331;343;554;425;411;448;32;343;491;467;334;567;722;445;564;403;297;418;195;467;600;628;350;418;329;404;458;371;305;774;217;431;452;575;816;403;796;0;321;350;378;260;430;352;645;33;302;401;391;380;74;496;103;745;442;428;516;510;405;41;77;171;353;725;311;676;376;459;52;717;509;388;332;323;275;530;382;422;544;300
Бедал;68;344;31;276;310;149;158;130;169;282;264;568;251;385;91;203;190;333;382;106;287;243;160;269;530;695;238;234;188;344;21;485;63;62;81;223;163;226;223;364;364;230;311;469;442;200;332;224;41;303;214;345;261;344;185;201;452;52;411;596;426;429;87;157;192;183;297;349;387;84;113;154;84;179;191;56;652;152;137;155;320;692;365;668;321;0;196;86;169;405;34;512;293;119;132;196;134;247;290;231;620;450;379;362;326;114;295;269;225;151;615;185;546;161;251;370;582;248;234;246;47;128;261;64;107;367;26
Ледар;250;417;168;199;116;317;154;66;365;321;460;765;316;196;167;160;313;229;578;302;483;331;352;73;727;891;434;41;25;541;215;681;259;218;116;418;321;327;171;367;258;426;507;665;639;310;142;42;235;211;410;151;457;358;377;193;260;148;607;792;235;625;198;341;387;320;493;254;279;280;178;43;219;157;386;142;848;298;164;180;233;888;174;864;350;196;0;276;338;214;191;708;317;83;324;392;330;293;484;309;816;263;185;558;522;151;348;340;350;52;811;370;743;357;446;383;778;177;428;65;243;305;200;195;201;563;178
Бралин;29;304;109;312;392;151;197;212;94;339;198;492;302;468;131;241;220;373;305;36;209;284;117;349;453;619;164;316;271;268;66;407;31;67;163;143;172;263;260;426;402;165;235;393;367;236;416;307;46;341;138;427;187;404;139;226;535;129;334;520;509;356;105;134;114;206;224;383;424;33;141;236;84;217;131;142;575;174;172;181;354;614;448;590;378;86;276;0;164;488;85;437;354;204;47;129;60;304;208;279;543;534;461;288;248;158;346;315;248;227;541;154;471;95;172;429;504;287;174;330;57;124;293;92;121;288;112
Ларан;181;466;199;445;438;21;327;276;145;226;167;465;183;500;258;372;87;502;296;136;221;152;74;404;433;588;173;368;322;262;164;392;143;209;233;187;28;128;392;316;533;143;233;369;343;107;453;352;157;472;165;473;188;291;83;368;568;217;320;492;542;325;246;39;161;65;211;518;556;131;278;297;232;348;111;205;548;53;305;321;489;589;483;567;260;169;338;164;0;522;199;410;248;256;164;131;136;199;235;158;516;558;503;268;253;283;221;185;97;304;503;52;443;121;198;311;483;417;131;369;133;43;429;225;266;290;172
Татен;463;603;379;339;98;502;353;276;574;418;662;970;434;23;380;340;472;329;786;511;691;463;551;142;933;1097;642;173;217;748;424;888;468;432;325;628;499;469;341;418;344;629;715;871;844;462;73;181;445;332;619;66;664;421;575;377;47;360;814;998;21;829;411;533;597;486;699;354;355;488;389;253;433;348;589;349;1054;473;369;381;349;1095;40;1071;430;405;214;488;522;0;404;914;402;286;535;597;539;405;694;439;1022;54;34;764;731;361;448;458;503;265;1015;562;948;564;655;439;985;331;629;159;449;496;352;409;413;772;383
Авенор;59;313;29;247;307;180;129;127;177;314;278;577;284;384;60;174;223;305;390;114;294;277;181;264;538;704;247;231;187;353;35;492;74;35;80;228;195;259;194;394;336;244;319;478;452;234;331;223;50;275;222;342;270;374;205;170;450;45;419;605;424;440;53;183;199;217;307;320;359;95;80;151;53;150;207;65;660;185;106;122;291;700;364;676;352;34;191;85;199;404;0;521;324;122;133;208;142;278;294;264;628;451;376;372;333;85;328;302;259;141;625;210;555;173;257;400;590;220;250;246;68;157;231;30;74;374;52
Додар;465;579;541;730;821;425;625;643;344;618;252;56;576;893;565;666;488;790;132;407;228;540;364;781;27;183;274;746;699;169;494;37;450;502;593;295;437;519;682;700;816;285;202;43;70;507;842;734;474;759;299;857;251;676;341;642;961;562;103;84;935;85;536;387;323;467;215;795;835;429;570;666;512;643;325;567;140;463;600;603;768;181;874;158;645;512;708;437;410;914;521;0;642;629;390;317;379;599;232;555;108;955;890;150;189;591;604;569;477;662;106;361;34;351;265;689;73;709;287;755;466;424;709;528;546;151;532
Кетар;352;637;301;503;356;241;410;292;382;24;412;695;66;381;364;442;161;543;539;346;469;103;318;345;667;811;420;319;292;507;307;629;323;355;286;431;220;124;460;72;574;391;480;604;580;141;354;299;318;521;410;381;436;51;330;460;440;304;561;721;418;560;374;283;401;182;457;567;595;327;388;296;376;426;358;274;774;201;400;421;542;816;374;795;33;293;317;354;248;402;324;642;0;270;380;376;361;51;483;90;744;417;399;509;500;374;49;76;165;321;726;299;674;359;445;76;715;476;377;299;298;258;497;353;393;535;272
Кавел;180;398;95;234;192;235;145;24;288;268;379;686;254;266;121;173;236;279;500;225;406;263;270;152;648;812;356;117;70;463;139;603;182;154;42;342;239;255;191;330;310;345;429;586;560;236;213;105;159;254;333;227;379;316;295;194;333;78;529;714;307;546;146;258;311;241;414;301;333;203;141;41;163;159;305;63;769;217;141;162;275;810;246;786;302;119;83;204;256;286;122;629;270;0;250;312;253;236;409;243;737;331;261;479;445;119;291;278;274;55;732;287;664;278;370;342;700;207;347;127;164;222;228;136;158;486;98
Ревел;75;307;156;351;439;156;238;259;51;363;158;446;323;515;175;282;234;412;259;34;162;301;100;397;406;572;120;363;318;222;112;360;70;112;210;96;179;278;299;452;440;126;189;347;321;252;463;354;91;380;94;474;142;429;115;263;582;176;288;473;556;311;147;128;69;217;179;421;461;56;182;283;124;258;99;188;529;188;213;220;392;567;495;543;401;132;324;47;164;535;133;390;380;250;0;91;29;330;161;299;497;581;508;242;201;202;367;333;257;274;495;139;424;62;125;452;458;327;139;377;95;131;331;137;160;241;157
Навер;158;385;225;440;504;135;325;326;41;356;70;373;313;576;259;370;216;501;189;95;99;283;59;464;336;500;47;429;382;151;179;291;135;196;276;57;156;259;388;445;530;36;119;274;247;237;525;417;160;469;35;540;68;421;50;353;644;247;217;401;618;233;234;94;38;196;102;511;551;113;270;350;212;346;20;250;457;176;300;309;482;498;557;474;391;196;392;129;131;597;208;317;376;312;91;0;69;327;109;288;425;639;573;167;136;286;352;316;226;346;420;83;351;35;69;442;388;415;48;438;149;121;421;220;249;177;215
Ведал;89;336;162;372;444;130;257;264;35;343;138;436;302;518;191;301;211;432;249;28;153;278;71;403;397;562;105;368;322;211;115;351;71;127;215;90;154;255;319;432;461;105;178;336;310;229;466;358;95;400;81;479;129;409;86;285;586;183;277;463;560;298;165;100;58;193;165;442;483;50;201;288;143;277;73;190;519;165;231;240;413;559;499;535;380;134;330;60;136;539;142;379;361;253;29;69;0;310;156;277;487;583;513;230;193;218;345;310;231;282;484;110;414;35;117;432;449;346;115;380;91;107;352;152;180;233;156
Линор;303;591;257;470;348;191;372;260;332;36;365;653;30;383;321;406;113;514;493;296;421;65;268;331;624;771;371;301;269;460;259;585;274;308;247;381;172;81;425;122;545;342;432;560;536;94;350;281;269;490;361;376;387;100;281;421;446;261;515;679;422;516;329;233;351;135;410;536;567;277;346;267;330;389;308;232;733;151;360;381;511;775;373;754;74;247;293;304;199;405;278;599;51;236;330;327;310;0;434;45;703;426;397;464;452;334;55;53;124;290;686;251;632;309;396;124;672;443;330;286;249;208;463;308;349;488;226
Арон;236;379;316;499;599;243;393;419;121;462;84;286;418;674;335;434;322;560;100;183;20;387;167;557;246;412;63;523;477;67;270;200;226;272;370;66;262;363;451;551;586;94;42;189;164;342;622;513;250;528;78;634;49;527;153;411;741;337;129;314;715;158;305;201;98;301;54;565;606;206;339;443;281;412;126;346;368;284;369;372;537;407;654;383;496;290;484;208;235;694;294;232;483;409;161;109;156;434;0;394;337;739;668;93;44;360;456;419;327;435;337;184;265;136;40;546;297;477;111;535;246;230;478;297;314;81;312
Тесел;281;573;246;474;375;153;369;267;296;68;323;608;25;416;313;407;72;521;450;266;380;24;230;354;579;726;332;322;285;417;241;541;249;291;246;343;132;37;426;157;553;301;390;516;492;51;380;302;248;496;322;405;346;134;241;418;481;254;472;634;457;472;317;194;314;93;368;543;575;249;337;278;314;387;269;227;688;114;354;375;516;730;405;709;103;231;309;279;158;439;264;555;90;243;299;288;277;45;394;0;658;463;429;420;411;328;68;38;79;298;641;210;587;273;356;155;628;446;288;310;225;172;465;295;337;446;214
Итер;572;664;649;832;930;533;729;750;451;720;360;52;679;1001;671;770;593;892;238;515;335;642;472;889;90;75;382;854;807;276;602;136;557;608;701;401;544;622;785;800;916;393;309;151;178;611;950;842;582;860;406;965;359;776;449;744;1069;669;209;24;1043;193;641;495;430;573;323;895;935;536;675;774;618;747;434;675;32;570;705;707;868;73;982;51;745;620;816;543;516;1022;628;108;744;737;497;425;487;703;337;658;0;1063;998;259;295;697;704;670;580;769;37;468;74;459;372;788;41;812;395;863;574;531;810;634;651;255;640
Дерен;510;657;425;392;149;538;405;323;618;434;703;1012;455;68;430;393;502;381;828;556;735;487;591;194;975;1138;685;222;264;791;470;931;513;480;371;673;533;494;395;423;395;671;758;912;886;490;121;228;490;385;662;120;707;429;615;431;35;406;856;1039;39;870;461;572;641;517;741;406;405;533;440;300;482;401;630;393;1095;507;421;434;402;1136;90;1113;442;450;263;534;558;54;451;955;417;331;581;639;583;426;739;463;1063;0;88;805;774;412;464;478;531;315;1055;600;990;606;699;445;1027;385;669;205;493;535;406;458;463;815;427
Санор;435;569;352;305;69;483;320;249;548;413;639;946;426;32;350;306;457;297;761;485;666;453;528;113;909;1073;617;145;191;723;398;864;442;403;299;602;481;457;307;420;312;606;690;847;820;448;50;156;419;299;593;35;640;421;553;344;75;332;789;974;52;806;381;512;571;470;675;322;324;463;358;226;403;315;565;323;1030;456;337;349;316;1070;25;1047;428;379;185;461;503;34;376;890;399;261;508;573;513;397;668;429;998;88;0;739;705;330;442;450;490;236;992;541;924;539;630;441;960;297;606;136;424;475;319;380;382;746;358
Ноден;317;469;391;589;671;281;480;492;195;486;103;207;443;742;418;522;350;649;31;257;83;408;215;630;170;333;124;595;549;27;344;126;300;354;443;148;296;385;539;572;676;135;55;107;81;370;691;584;324;617;149;706;101;548;193;500;811;412;53;235;784;68;389;241;174;329;65;656;696;278;424;516;366;499;176;417;291;320;455;459;628;331;723;308;516;362;558;288;268;764;372;150;509;479;242;167;230;464;93;420;259;805;739;0;50;444;475;439;346;511;254;216;185;201;119;564;222;566;139;604;316;276;568;379;401;39;381
Вилен;276;419;354;543;637;264;436;457;157;478;88;245;434;710;376;477;339;603;57;220;40;401;192;595;205;371;90;560;514;24;308;159;263;313;407;106;281;377;494;566;630;111;20;147;121;359;658;550;287;572;112;672;68;542;173;454;778;375;87;272;752;114;347;222;135;318;44;609;649;243;381;481;323;455;150;382;327;304;411;415;581;366;691;342;510;326;522;248;253;731;333;189;500;445;201;136;193;452;44;411;295;774;705;50;0;402;470;433;340;474;295;201;223;168;77;559;256;521;123;571;282;255;522;338;357;41;347
Феран;128;279;87;163;263;263;44;107;251;368;356;646;345;345;27;89;298;221;459;191;363;345;264;219;606;772;321;192;158;423;120;560;155;90;89;297;277;330;109;440;252;322;390;548;523;306;291;192;133;190;295;296;344;423;288;90;406;75;488;674;381;512;55;268;270;295;381;235;274;176;28;123;79;66;287;101;729;264;26;47;206;767;323;743;405;114;151;158;283;361;85;591;374;119;202;286;218;334;360;328;697;412;330;444;402;0;387;366;335;101;697;294;625;251;326;449;657;135;330;215;153;241;147;66;52;441;119
Нелан;348;639;308;525;397;218;426;315;363;30;382;655;45;426;374;461;136;569;506;334;441;69;294;382;629;770;394;353;323;475;307;593;316;356;301;408;196;93;480;97;600;363;449;567;543;116;396;333;314;545;386;423;408;73;304;475;486;314;526;681;464;523;380;259;380;156;426;592;622;317;398;322;379;443;333;286;733;181;413;434;566;775;418;755;41;295;348;346;221;448;328;604;49;291;367;352;345;55;456;68;704;464;442;475;470;387;0;37;130;345;684;272;635;339;420;90;676;498;348;337;293;239;518;358;400;503;277
Одал;318;611;284;510;400;183;406;302;327;52;345;621;25;435;351;444;100;556;470;300;404;33;258;381;594;737;358;351;316;438;279;557;285;329;283;372;160;57;463;133;588;326;413;531;508;81;402;331;285;531;350;428;371;109;267;455;498;292;490;646;475;487;355;223;344;120;390;578;610;285;375;311;352;425;296;265;699;146;392;413;552;741;426;721;77;269;340;315;185;458;302;569;76;278;333;316;310;53;419;38;670;478;450;439;433;366;37;0;94;332;651;235;600;303;383;127;641;482;311;336;262;204;501;333;375;467;252
Ратар;259;552;249;492;431;101;379;297;243;142;252;530;99;480;315;421;38;545;376;227;312;63;171;405;502;648;266;370;329;344;229;464;222;278;265;283;78;42;441;227;576;234;320;439;415;41;440;352;229;517;261;464;279;203;177;425;547;262;397;556;522;395;311;136;258;43;296;564;599;216;338;313;303;399;206;241;610;76;360;379;535;652;467;631;171;225;350;248;97;503;259;477;165;274;257;226;231;124;327;79;580;531;490;346;340;335;130;94;0;328;562;144;509;218;292;220;550;464;218;363;204;126;480;288;332;373;217
Селан;200;373;121;183;168;283;110;31;318;321;415;718;308;248;115;128;290;224;531;254;435;319;310;124;679;844;387;93;58;493;168;633;212;167;72;369;289;310;143;378;256;381;460;618;592;291;194;91;187;201;363;202;410;365;335;155;311;100;560;745;286;579;146;302;339;294;447;247;278;233;128;28;167;118;342;100;801;269;116;134;222;841;226;817;353;151;52;227;304;265;141;662;321;55;274;346;282;290;435;298;769;315;236;511;474;101;345;332;328;0;765;331;696;311;398;391;731;156;384;115;198;268;178;143;150;515;136
Эран;570;678;645;836;924;520;731;746;448;702;353;55;661;993;671;772;577;896;237;511;334;624;464;884;96;86;378;848;801;274;598;140;554;607;696;400;530;604;788;779;922;386;307;148;174;595;943;836;578;865;403;959;355;756;440;747;1062;666;208;37;1036;186;642;484;427;557;318;900;941;532;676;769;618;749;426;670;52;557;706;709;873;92;975;76;725;615;811;541;503;1015;625;106;726;732;495;420;484;686;337;641;37;1055;992;254;295;697;684;651;562;765;0;457;74;454;371;767;60;815;386;856;569;521;814;633;652;256;634
Давер;177;446;217;456;475;65;337;305;107;278;115;416;234;540;268;383;138;515;245;120;170;202;39;438;383;541;123;402;356;210;175;341;142;211;259;140;80;178;403;367;545;91;181;319;293;159;492;388;162;484;117;510;136;342;33;374;609;237;269;444;583;276;250;29;117;117;159;528;568;124;285;328;233;359;63;231;499;104;314;327;499;541;523;519;311;185;370;154;52;562;210;361;299;287;139;83;110;251;184;210;468;600;541;216;201;294;272;235;144;331;457;0;395;84;148;362;434;429;79;406;141;66;439;231;269;238;195
Мелтан;499;606;575;763;856;459;659;677;378;650;286;22;608;927;599;699;521;823;166;442;262;571;399;815;25;149;308;780;733;203;528;66;484;536;627;329;471;551;715;731;848;319;236;78;104;539;876;768;509;791;333;891;285;707;375;674;995;596;137;50;969;119;570;421;357;500;250;827;867;463;604;701;546;677;360;602;106;497;634;636;800;147;908;124;676;546;743;471;443;948;555;34;674;664;424;351;414;632;265;587;74;990;924;185;223;625;635;600;509;696;74;395;0;386;299;720;41;742;321;789;500;458;741;561;580;184;566
Бенел;123;365;190;407;470;121;291;291;24;340;105;408;297;543;224;336;203;467;222;60;129;270;48;430;370;534;78;394;348;184;144;325;100;161;242;74;143;246;354;430;496;71;151;308;281;223;491;383;124;435;57;506;101;406;55;320;611;212;250;435;584;268;200;83;42;183;136;477;518;78;235;315;178;311;38;216;491;159;266;275;448;531;523;508;376;161;357;95;121;564;173;351;359;278;62;35;35;309;136;273;459;606;539;201;168;251;339;303;218;311;454;84;386;0;95;427;422;381;80;404;115;101;387;186;215;209;180
Лемар;200;371;278;470;561;205;361;381;81;424;65;321;381;635;300;403;285;531;134;144;37;350;128;519;282;447;26;485;439;97;232;236;187;237;331;30;225;326;420;514;558;61;64;222;196;305;583;474;211;499;38;596;29;490;116;381;702;299;163;348;676;187;271;163;59;264;60;537;578;167;306;405;248;380;88;307;404;245;336;340;509;443;615;419;459;251;446;172;198;655;257;265;445;370;125;69;117;396;40;356;372;699;630;119;77;326;420;383;292;398;371;148;299;95;0;509;333;447;81;496;207;191;449;262;282;117;272
Бравен;428;713;377;574;407;307;484;364;451;90;471;740;130;419;440;515;225;611;595;419;531;159;384;402;715;852;484;379;358;564;383;680;398;431;361;497;286;183;532;22;641;453;539;653;630;205;400;360;393;590;476;428;498;27;394;534;472;379;614;765;452;610;450;348;469;246;516;635;662;401;464;366;453;500;422;350;816;268;475;497;612;858;415;839;52;370;383;429;311;439;400;689;76;342;452;442;432;124;546;155;788;445;441;564;559;449;90;127;220;391;767;362;720;427;509;0;761;547;438;357;373;327;569;430;469;593;348
Ланар;533;624;610;792;892;499;690;712;413;691;324;24;649;964;632;729;561;851;200;476;296;612;436;851;52;115;344;816;769;237;563;97;519;569;663;362;511;592;745;772;876;356;271;115;141;580;913;805;543;820;368;927;321;749;414;703;1032;631;171;23;1006;158;602;460;391;541;286;854;894;498;635;736;578;707;397;637;72;536;665;667;828;110;945;86;717;582;778;504;483;985;590;73;715;700;458;388;449;672;297;628;41;1027;960;222;256;657;676;641;550;731;60;434;41;422;333;761;0;771;359;826;536;496;770;594;611;216;602
Тамар;258;274;219;29;245;397;91;184;378;475;484;763;459;321;161;46;426;86;578;322;483;465;398;208;722;886;446;202;198;543;255;676;288;221;201;418;410;453;27;534;117;451;511;667;642;431;275;215;267;55;420;267;468;521;422;69;367;203;607;789;347;634;182;403;395;425;505;101;139;309;146;182;203;70;418;223;843;395;116;107;72;879;300;855;509;248;177;287;417;331;220;709;476;207;327;415;346;443;477;446;812;385;297;566;521;135;498;482;464;156;815;429;742;381;447;547;771;0;461;232;288;376;24;198;167;558;249
Донел;203;430;265;487;538;143;371;362;89;355;36;343;312;607;304;415;217;547;166;139;94;279;78;499;308;469;55;463;417;131;218;265;177;241;313;86;159;255;434;444;576;21;102;244;218;237;557;450;201;515;65;573;61;420;54;400;676;286;192;371;649;202;279;102;82;195;80;557;598;155;315;386;258;391;44;286;427;183;346;355;528;468;589;445;388;234;428;174;131;629;250;287;377;347;139;48;115;330;111;288;395;669;606;139;123;330;348;311;218;384;386;79;321;80;81;438;359;461;0;470;187;137;467;265;295;159;250
Кедал;305;482;221;252;70;348;219;119;415;308;504;811;312;139;230;222;329;271;627;352;532;334;393;46;774;938;482;30;60;589;265;729;309;276;167;469;347;334;231;339;298;470;556;712;685;322;87;24;286;259;459;104;505;333;417;256;206;202;655;839;180;671;260;377;438;339;540;297;317;329;243;96;280;221;430;189;895;323;229;245;280;936;119;912;332;246;65;330;369;159;246;755;299;127;377;438;380;286;535;310;863;205;136;604;571;215;337;336;363;115;856;406;789;404;496;357;826;232;470;0;290;340;256;254;265;612;224
Каден;56;350;78;315;356;115;197;177;125;284;217;522;248;428;127;242;172;374;337;64;242;233;114;315;485;649;193;280;233;299;34;439;26;76;127;180;133;213;262;370;405;183;266;423;396;186;377;268;25;343;170;391;215;349;139;236;496;99;365;550;470;383;113;115;148;161;251;388;427;40;146;200;100;218;144;101;606;128;174;188;359;646;409;623;323;47;243;57;133;449;68;466;298;164;95;149;91;249;246;225;574;493;424;316;282;153;293;262;204;198;569;141;500;115;207;373;536;288;187;290;0;90;299;92;133;322;66
Ресел;139;428;158;403;409;27;285;241;124;239;173;480;197;474;216;330;104;461;303;100;219;172;63;373;445;605;168;337;290;266;122;402;101;166;196;173;49;148;350;329;492;144;236;382;355;123;426;322;115;430;154;444;187;305;83;326;543;177;329;507;517;338;203;37;143;86;215;476;515;91;236;263;190;306;105;168;563;59;263;278;447;605;457;582;275;128;305;124;43;496;157;424;258;222;131;121;107;208;230;172;531;535;475;276;255;241;239;204;126;268;521;66;458;101;191;327;496;376;137;340;90;0;387;182;224;294;133
Налин;265;256;233;22;268;410;102;205;382;496;488;762;479;344;171;59;442;82;578;329;485;483;406;232;721;885;449;227;222;544;266;675;297;229;219;420;423;471;39;556;109;456;513;667;642;448;298;239;277;50;423;289;471;543;430;68;388;218;607;788;369;635;189;413;398;440;508;90;131;317;154;205;209;81;425;240;841;410;125;112;61;877;322;853;530;261;200;293;429;352;231;709;497;228;331;421;352;463;478;465;810;406;319;568;522;147;518;501;480;178;814;439;741;387;449;569;770;24;467;256;299;387;0;207;172;558;264
Верен;63;284;53;225;311;206;107;136;186;344;290;583;314;390;39;152;253;284;396;126;299;307;200;267;543;709;256;236;195;359;61;497;90;25;94;233;223;290;172;423;315;256;326;485;458;264;337;231;69;253;230;345;279;404;223;144;455;60;425;610;429;448;23;206;206;246;316;297;337;111;54;158;27;128;221;87;666;214;83;96;268;704;369;680;382;64;195;92;225;409;30;528;353;136;137;220;152;308;297;295;634;458;380;379;338;66;358;333;288;143;633;231;561;186;262;430;594;198;265;254;92;182;207;0;43;378;82
Ливер;93;246;92;192;315;248;79;151;211;384;317;601;356;396;36;122;297;252;414;156;319;350;235;270;560;726;279;243;206;379;104;514;127;58;120;253;265;333;140;461;281;284;346;504;478;307;342;241;109;220;254;347;302;443;258;106;457;92;443;628;433;469;21;245;229;290;339;263;303;146;25;170;37;98;252;121;682;257;54;60;234;720;374;696;422;107;201;121;266;413;74;546;393;158;160;249;180;349;314;337;651;463;382;401;357;52;400;375;332;150;652;269;580;215;282;469;611;167;295;265;133;224;172;43;0;396;123
Медал;317;444;395;580;677;301;475;497;198;513;123;205;469;751;416;516;375;640;22;261;80;435;231;636;165;331;130;601;555;29;348;119;304;353;448;146;318;412;532;600;666;150;58;109;85;395;699;591;328;609;153;713;109;576;211;491;819;416;49;232;792;82;386;260;176;353;79;645;686;283;420;521;362;493;189;423;287;342;450;453;618;326;731;302;544;367;563;288;290;772;374;151;535;486;241;177;233;488;81;446;255;815;746;39;41;441;503;467;373;515;256;238;184;209;117;593;216;558;159;612;322;294;558;378;396;0;388
Терин;95;365;32;277;290;151;162;112;191;262;282;588;233;363;100;205;180;332;403;129;308;228;174;250;550;714;258;214;168;365;47;505;87;85;64;246;161;213;225;341;364;248;332;488;462;188;311;203;66;303;236;325;281;322;199;208;430;46;431;616;404;448;103;166;214;177;316;349;387;106;123;136;105;183;208;36;672;146;144;163;321;712;343;688;300;26;178;112;172;383;52;532;272;98;157;215;156;226;312;214;640;427;358;381;347;119;277;252;217;136;634;195;566;180;272;348;602;249;250;224;66;133;264;82;123;388;0
