;Тешара;Харим;Осея;Савар;Амун;Варун;Ишим;Нейат;Варим;Насар;Мейра;Кавем;Рамей;Ашимун;Вайра;Кашара;Лавар;Тетар;Руйат;Нешара;Хамун;Мерим;Зейат;Кирим;Масай;Осера;Сарим;Синар;Тасай;Джамир;Шалан;Рахан;Ашисера;Авен;Каран;Ламир;Рувен;Нерун;Ирун;Насера;Мемир;Зевар;Кимир;Мавен;Омир;Салан;Сиран;Тайра;Джавар;Шатар;Ралан;Аширан;Айра;Васай;Кахан;Лайат;Темир;Русай;Нехан;Нахан;Хасея;Месея;Зевен;Кисера;Машара;Сашара;Сирим;Талан;Джасера;Шамир;Райат;Ашимей;Амей;Васера;Ларим;Тешим;Рулан;Несай;Ирия;Насея;Хамир;Месай;Зелан;Кишим;Маран;Омей;Сайат;Силин;Тамун;Джамун;Шарун;Равар;Ашитар;Ашим;Ванар;Камей;Лайра;Тенар;Рухан;Несея;Ихан;Нашара;Харан;Мерия;Земун;Кивен;Мамей
Тешара;0;548;425;255;356;414;715;886;373;302;107;404;705;967;358;304;1014;1075;501;233;752;546;939;806;128;610;656;628;822;235;280;348;416;998;960;788;693;595;282;861;585;913;831;414;199;902;666;883;342;154;628;311;624;219;119;747;921;650;205;377;1019;1008;782;348;859;326;645;1050;385;454;520;383;376;804;737;860;837;295;404;167;328;261;318;440;510;268;90;99;403;426;737;733;204;743;416;287;146;125;808;450;342;401;299;253;267;367;700
Харим;548;0;427;751;837;134;229;433;848;779;524;881;244;513;190;769;527;621;120;661;298;115;452;320;425;178;203;167;368;313;268;825;888;511;474;334;240;133;752;407;153;426;377;892;627;448;205;396;816;583;174;237;163;339;548;260;467;189;633;854;565;554;296;818;372;778;214;596;855;160;94;165;854;350;284;407;350;727;886;381;223;296;788;913;147;696;471;449;885;908;283;257;344;256;893;715;517;484;322;931;213;883;751;682;695;205;239
Осея;425;427;0;680;771;293;594;765;782;713;458;815;584;846;310;703;893;954;380;595;631;426;818;685;359;489;536;507;701;270;280;759;821;877;840;667;572;474;686;740;464;792;710;826;561;781;545;762;750;517;507;303;503;309;482;626;800;529;567;788;898;887;661;752;738;712;525;929;789;333;399;323;787;683;617;739;716;661;820;315;278;309;722;847;389;630;405;382;819;842;616;613;278;622;827;649;451;418;687;865;313;817;685;615;629;340;579
Савар;255;751;680;0;112;617;918;1089;118;46;227;148;908;1170;560;48;1217;1278;704;104;955;749;1142;1009;326;813;859;831;1025;438;483;93;160;1200;1163;991;896;798;27;1064;788;1116;1033;159;124;1105;869;1086;86;168;831;514;827;421;204;950;1124;853;130;121;1222;1211;985;93;1062;71;848;1253;129;657;723;586;121;1007;940;1063;1040;40;161;370;531;464;63;185;713;72;287;317;160;183;940;936;407;946;161;36;258;267;1011;206;545;158;44;69;72;570;903
Амун;356;837;771;112;0;703;1005;1176;103;89;313;71;994;1257;647;161;1303;1364;790;190;1041;836;1228;1096;412;899;946;918;1111;524;569;43;129;1287;1250;1078;983;884;139;1150;874;1202;1120;81;210;1191;956;1172;129;255;917;600;913;508;290;1036;1210;940;216;72;1308;1297;1072;132;1149;59;935;1339;142;744;809;673;43;1093;1027;1150;1126;152;48;457;618;551;157;117;799;163;374;403;48;71;1027;1023;494;1032;97;123;345;354;1098;94;631;45;86;156;184;656;990
Варун;414;134;293;617;703;0;302;473;714;645;390;746;291;554;56;634;600;661;87;527;338;133;525;393;291;196;243;215;408;179;134;691;753;584;547;374;280;181;618;447;171;499;417;757;493;488;253;469;682;448;214;103;210;204;414;333;507;237;499;720;605;594;369;684;445;644;232;636;720;41;106;30;719;390;324;447;423;592;752;246;89;162;654;778;96;562;337;314;751;774;324;320;209;329;759;581;382;350;395;797;78;748;617;547;561;70;287
Ишим;715;229;594;918;1005;302;0;286;1015;946;691;1048;45;367;358;936;299;474;250;828;142;204;224;91;592;212;195;122;222;480;436;992;1055;282;245;188;158;156;919;261;202;197;230;1059;795;301;84;168;984;750;169;405;133;506;715;32;321;114;800;1021;419;408;67;986;144;946;213;450;1022;296;246;332;1021;218;152;260;122;894;1053;548;390;464;956;1080;254;863;638;616;1052;1075;114;28;511;27;1061;882;684;651;93;1099;380;1050;918;849;862;372;70
Нейат;886;433;765;1089;1176;473;286;0;1186;1117;862;1219;261;88;529;1107;585;195;386;999;144;340;510;377;763;281;230;294;68;651;607;1163;1226;568;531;98;193;299;1090;26;301;483;56;1230;966;25;296;454;1155;921;258;576;292;677;886;318;39;266;971;1192;140;128;353;1157;430;1117;248;170;1193;432;382;503;1192;96;149;32;408;1065;1224;719;561;635;1127;1251;390;1034;809;787;1223;1246;172;258;682;303;1232;1053;855;822;379;1270;551;1221;1089;1020;1033;543;216
Варим;373;848;782;118;103;714;1015;1186;0;71;324;97;1005;1267;657;85;1314;1375;801;187;1052;846;1239;1106;423;910;956;928;1122;535;580;60;43;1297;1260;1088;993;895;96;1161;885;1213;1130;112;221;1202;966;1183;32;265;928;611;924;518;301;1047;1221;950;229;31;1319;1308;1082;30;1159;101;945;1350;40;754;820;683;73;1104;1037;1160;1137;121;151;467;628;561;60;68;810;153;384;414;150;156;1037;1033;504;1043;70;135;355;364;1108;181;642;148;99;169;153;667;1000
Насар;302;779;713;46;89;645;946;1117;71;0;255;102;936;1198;589;93;1245;1306;732;132;983;777;1170;1037;354;841;887;859;1053;466;511;46;114;1229;1191;1019;924;826;73;1092;816;1144;1062;113;152;1133;897;1114;40;196;859;542;855;450;232;978;1152;881;158;75;1250;1239;1013;79;1090;30;876;1281;111;685;751;614;75;1035;968;1091;1068;86;137;398;559;492;68;139;741;104;315;345;136;157;968;964;435;974;114;64;286;295;1039;182;573;134;28;97;118;598;931
Мейра;107;524;458;227;313;390;691;862;324;255;0;357;681;943;334;245;990;1051;477;137;728;523;915;782;99;586;633;604;798;211;256;301;363;974;937;764;669;571;228;837;561;889;807;368;103;878;642;859;292;59;604;287;600;195;24;723;897;626;109;330;995;984;758;294;835;254;622;1026;331;430;496;360;329;780;714;836;813;203;362;144;304;237;264;389;486;172;60;90;361;384;713;710;181;719;369;191;39;40;785;407;318;359;227;157;171;343;676
Кавем;404;881;815;148;71;746;1048;1219;97;102;357;0;1038;1300;690;182;1347;1407;833;234;1084;879;1272;1139;456;942;989;961;1155;568;612;56;58;1330;1293;1121;1026;927;175;1193;918;1245;1163;31;253;1234;999;1216;129;298;961;644;957;551;333;1080;1253;983;260;66;1352;1341;1115;127;1192;106;978;1383;91;787;853;716;27;1136;1070;1193;1170;188;119;500;661;594;157;46;842;206;417;447;104;76;1070;1066;537;1075;27;166;388;397;1141;101;675;68;130;199;220;699;1033
Рамей;705;244;584;908;994;291;45;261;1005;936;681;1038;0;342;348;926;344;450;204;818;118;159;269;136;582;167;152;77;197;470;425;982;1045;327;290;163;133;110;909;236;157;243;206;1049;784;277;39;213;973;740;124;394;88;496;705;77;296;69;790;1011;394;383;112;975;189;935;173;425;1012;251;201;322;1011;194;127;235;167;884;1043;538;380;453;945;1070;208;853;628;606;1042;1065;89;28;501;45;1050;872;674;641;138;1088;370;1040;908;839;852;362;45
Ашимун;967;513;846;1170;1257;554;367;88;1267;1198;943;1300;342;0;610;1188;666;107;467;1080;225;421;591;458;844;362;311;375;151;732;688;1244;1307;649;612;179;274;380;1171;109;382;564;137;1311;1047;66;377;535;1236;1002;339;656;373;758;967;399;49;347;1052;1273;52;41;434;1238;511;1197;329;83;1274;513;463;584;1273;179;230;107;489;1146;1305;800;642;715;1208;1332;471;1115;890;868;1304;1327;253;339;763;384;1313;1134;936;903;460;1351;632;1302;1170;1101;1114;624;297
Вайра;358;190;310;560;647;56;358;529;657;589;334;690;348;610;0;578;656;717;143;471;394;189;581;449;235;252;299;271;464;122;78;635;697;640;603;431;336;237;562;503;227;555;473;701;437;544;309;525;626;392;271;47;266;148;358;390;563;293;443;663;662;650;425;628;502;588;288;692;664;97;163;26;663;446;380;503;479;536;695;190;33;106;598;722;152;506;281;258;695;718;380;376;153;385;703;524;326;293;451;741;29;692;560;491;505;40;343
Кашара;304;769;703;48;161;634;936;1107;85;93;245;182;926;1188;578;0;1235;1295;722;108;972;767;1160;1027;344;830;877;849;1043;456;500;140;125;1218;1181;1009;914;815;26;1081;806;1133;1051;197;141;1122;887;1104;54;186;849;532;845;439;221;968;1141;871;161;116;1240;1229;1003;56;1080;119;866;1271;92;675;741;604;159;1024;958;1081;1058;42;209;388;549;482;26;150;730;74;305;335;208;231;958;954;425;964;156;84;276;285;1029;255;563;206;92;104;74;587;921
Лавар;1014;527;893;1217;1303;600;299;585;1314;1245;990;1347;344;666;656;1235;0;773;548;1127;441;502;81;208;891;510;493;421;520;779;734;1291;1353;25;57;486;456;454;1218;559;500;101;529;1357;1093;600;383;134;1282;1048;468;703;432;805;1014;267;619;413;1099;1320;717;706;231;1284;155;1244;511;748;1321;595;545;630;1319;517;451;559;180;1193;1352;846;689;762;1254;1379;552;1162;937;914;1351;1374;412;326;809;305;1359;1181;983;950;215;1397;679;1349;1217;1147;1161;671;369
Тетар;1075;621;954;1278;1364;661;474;195;1375;1306;1051;1407;450;107;717;1295;773;0;574;1188;332;528;698;565;952;469;418;482;258;840;795;1352;1414;757;720;287;381;488;1279;216;490;672;244;1418;1154;173;485;642;1343;1109;447;764;481;865;1075;506;156;454;1160;1381;67;67;542;1345;618;1305;436;27;1381;620;571;691;1380;287;337;214;596;1253;1413;907;750;823;1315;1439;578;1223;998;975;1412;1435;361;447;870;492;1420;1242;1043;1011;568;1458;739;1409;1278;1208;1222;731;404
Руйат;501;120;380;704;790;87;250;386;801;732;477;833;204;467;143;722;548;574;0;614;251;46;473;341;378;109;156;127;321;266;221;778;840;532;495;287;193;94;705;360;84;447;330;844;580;401;166;417;769;535;127;190;123;292;501;281;420;150;586;807;518;507;317;771;393;731;145;549;807;47;26;117;806;303;237;360;371;679;839;333;176;249;741;866;31;649;424;401;838;861;237;233;296;249;846;668;469;437;343;884;165;836;704;634;648;157;200
Нешара;233;661;595;104;190;527;828;999;187;132;137;234;818;1080;471;108;1127;1188;614;0;865;660;1052;919;236;723;770;741;935;348;393;178;226;1111;1074;901;807;708;91;974;698;1026;944;245;34;1015;779;996;155;79;741;424;737;332;114;860;1034;763;53;207;1132;1121;896;157;972;131;759;1163;194;567;633;497;206;917;851;973;950;66;239;281;441;374;127;252;623;35;197;227;238;261;850;847;318;856;246;68;168;177;922;284;455;236;104;35;34;480;813
Хамун;752;298;631;955;1041;338;142;144;1052;983;728;1084;118;225;394;972;441;332;251;865;0;205;366;233;629;146;95;150;79;517;472;1029;1091;425;388;45;58;165;956;118;167;340;88;1095;831;159;153;310;1020;786;124;441;149;542;752;174;178;122;837;1058;276;265;210;1022;286;982;114;307;1058;298;248;368;1057;76;29;118;264;930;1090;584;427;500;992;1117;255;900;675;652;1089;1112;29;115;547;160;1097;919;720;688;236;1135;416;1086;955;885;899;408;72
Мерим;546;115;426;749;836;133;204;340;846;777;523;879;159;421;189;767;502;528;46;660;205;0;427;295;424;63;110;82;276;311;267;824;886;486;449;242;147;48;750;314;38;401;284;890;626;355;120;371;815;581;82;236;78;337;547;236;374;104;631;852;473;461;271;817;348;777;99;503;853;92;43;163;852;257;191;314;325;725;884;379;221;295;787;911;50;695;469;447;883;907;191;187;342;203;892;713;515;482;297;930;211;881;749;680;693;203;154
Зейат;939;452;818;1142;1228;525;224;510;1239;1170;915;1272;269;591;581;1160;81;698;473;1052;366;427;0;133;816;435;418;346;445;704;659;1216;1279;59;29;412;381;379;1143;484;426;29;454;1283;1018;525;308;56;1207;974;393;628;357;730;939;192;544;338;1024;1245;643;631;157;1209;83;1169;437;673;1246;520;470;556;1244;442;376;484;102;1118;1277;772;614;687;1179;1304;477;1087;862;840;1276;1299;337;252;735;230;1284;1106;908;875;137;1322;604;1274;1142;1072;1086;596;294
Кирим;806;320;685;1009;1096;393;91;377;1106;1037;782;1139;136;458;449;1027;208;565;341;919;233;295;133;0;683;303;286;213;313;571;527;1083;1146;191;154;279;249;247;1010;352;293;106;321;1150;886;392;175;77;1075;841;260;496;224;597;806;59;412;205;891;1112;510;499;24;1077;53;1037;304;541;1113;387;337;423;1112;309;243;351;31;985;1144;639;481;555;1047;1171;345;954;729;707;1143;1166;205;119;602;97;1152;973;775;742;31;1190;471;1141;1009;940;953;463;161
Масай;128;425;359;326;412;291;592;763;423;354;99;456;582;844;235;344;891;952;378;236;629;424;816;683;0;487;534;505;699;112;157;400;462;875;838;665;571;472;327;738;462;790;708;466;202;779;543;760;391;157;505;188;501;96;123;624;798;527;208;429;896;885;660;393;736;353;523;927;430;331;397;261;428;681;615;737;714;302;461;45;206;138;363;488;387;271;46;29;460;483;614;611;82;620;468;290;92;59;686;506;219;458;326;256;270;244;577
Осера;610;178;489;813;899;196;212;281;910;841;586;942;167;362;252;830;510;469;109;723;146;63;435;303;487;0;51;105;217;375;330;887;949;494;457;183;88;71;814;255;25;409;225;953;689;296;128;379;878;644;43;299;79;400;610;244;315;105;695;916;414;402;279;880;356;840;36;444;916;156;106;226;915;198;132;255;333;788;948;442;285;358;850;975;113;758;533;510;947;970;132;195;405;211;955;777;578;546;305;993;274;944;813;743;757;266;155
Сарим;656;203;536;859;946;243;195;230;956;887;633;989;152;311;299;877;493;418;156;770;95;110;418;286;534;51;0;91;166;421;377;934;996;477;440;132;37;69;860;204;72;392;174;1000;736;245;113;362;925;691;28;346;64;447;657;226;264;91;741;962;363;351;262;927;338;887;35;393;963;202;153;273;962;147;81;204;316;835;994;489;331;405;897;1021;160;805;580;557;993;1017;81;167;452;197;1002;823;625;592;288;1040;321;991;859;790;803;313;125
Синар;628;167;507;831;918;215;122;294;928;859;604;961;77;375;271;849;421;482;127;741;150;82;346;213;505;105;91;0;230;393;349;905;968;404;367;196;128;34;832;268;80;319;238;972;708;309;38;290;897;663;62;317;26;419;628;154;328;28;713;934;427;416;189;899;266;858;112;458;935;174;124;245;934;226;160;268;244;807;966;461;303;376;869;993;132;776;551;529;965;988;122;105;424;122;974;795;597;564;215;1012;293;963;831;762;775;285;78
Тасай;822;368;701;1025;1111;408;222;68;1122;1053;798;1155;197;151;464;1043;520;258;321;935;79;276;445;313;699;217;166;230;0;587;542;1099;1162;504;467;34;129;235;1026;42;237;419;38;1166;901;90;232;389;1090;857;194;511;228;613;822;254;102;202;907;1128;203;192;289;1092;366;1052;184;234;1129;368;318;439;1128;28;85;68;343;1001;1160;655;497;570;1062;1187;325;970;745;723;1159;1182;108;194;618;239;1167;989;791;758;315;1205;487;1157;1025;956;969;479;152
Джамир;235;313;270;438;524;179;480;651;535;466;211;568;470;732;122;456;779;840;266;348;517;311;704;571;112;375;421;393;587;0;45;512;575;763;725;553;458;360;439;626;350;678;596;579;314;667;431;648;503;270;393;76;389;41;235;512;686;415;320;541;784;773;547;505;624;465;410;815;542;219;285;148;541;569;502;625;602;414;573;68;93;39;475;600;275;383;158;136;572;595;502;498;31;508;580;402;204;171;573;618;107;570;438;369;382;132;465
Шалан;280;268;280;483;569;134;436;607;580;511;256;612;425;688;78;500;734;795;221;393;472;267;659;527;157;330;377;349;542;45;0;557;619;718;681;508;414;315;484;581;305;633;551;623;359;622;387;603;548;314;348;31;344;78;280;467;641;371;365;586;739;728;503;550;579;510;366;770;586;175;240;104;585;524;458;581;557;458;618;112;49;36;520;644;230;428;203;180;617;640;458;454;75;463;625;447;248;216;529;663;62;614;483;413;427;87;421
Рахан;348;825;759;93;43;691;992;1163;60;46;301;56;982;1244;635;140;1291;1352;778;178;1029;824;1216;1083;400;887;934;905;1099;512;557;0;100;1275;1238;1065;970;872;119;1138;862;1190;1108;66;198;1179;943;1160;86;243;905;588;901;496;278;1024;1198;927;204;29;1296;1285;1060;89;1136;50;923;1327;100;731;797;661;28;1081;1015;1137;1114;132;91;445;605;538;114;92;787;150;361;391;90;111;1014;1011;482;1020;68;110;332;341;1086;136;619;88;74;144;164;644;977
Ашисера;416;888;821;160;129;753;1055;1226;43;114;363;58;1045;1307;697;125;1353;1414;840;226;1091;886;1279;1146;462;949;996;968;1162;575;619;100;0;1337;1300;1128;1033;934;136;1200;924;1252;1170;90;260;1241;1006;1222;74;305;968;650;964;558;340;1087;1260;990;272;71;1359;1347;1122;69;1199;144;985;1389;33;794;860;723;86;1143;1077;1200;1176;161;178;507;668;601;99;25;849;193;424;454;162;135;1077;1073;544;1082;32;178;395;404;1148;159;681;126;142;211;193;706;1040
Авен;998;511;877;1200;1287;584;282;568;1297;1229;974;1330;327;649;640;1218;25;757;532;1111;425;486;59;191;875;494;477;404;504;763;718;1275;1337;0;42;470;440;438;1202;543;484;85;513;1341;1077;584;366;115;1266;1032;451;687;415;788;998;251;603;397;1083;1304;701;690;215;1268;138;1228;495;732;1304;578;529;614;1303;501;434;542;161;1176;1335;830;673;746;1238;1362;536;1146;921;898;1335;1358;396;310;793;288;1343;1164;966;933;197;1381;662;1332;1201;1131;1145;654;352
Каран;960;474;840;1163;1250;547;245;531;1260;1191;937;1293;290;612;603;1181;57;720;495;1074;388;449;29;154;838;457;440;367;467;725;681;1238;1300;42;0;433;403;401;1164;506;447;48;476;1304;1040;547;329;80;1229;995;414;650;378;751;961;213;566;360;1045;1266;664;653;178;1231;101;1191;458;695;1267;541;492;577;1266;463;397;505;127;1139;1298;793;635;709;1201;1325;499;1109;884;861;1297;1321;359;273;756;251;1306;1127;929;896;162;1344;625;1295;1163;1094;1107;617;315
Ламир;788;334;667;991;1078;374;188;98;1088;1019;764;1121;163;179;431;1009;486;287;287;901;45;242;412;279;665;183;132;196;34;553;508;1065;1128;470;433;0;95;201;992;73;203;385;42;1132;867;113;198;356;1057;823;160;477;194;579;788;220;133;168;873;1094;231;220;255;1058;332;1018;150;262;1095;334;284;405;1094;31;51;72;310;967;1126;621;463;536;1028;1153;292;936;711;689;1125;1148;74;160;584;205;1133;955;757;724;281;1172;453;1123;991;922;935;445;118
Рувен;693;240;572;896;983;280;158;193;993;924;669;1026;133;274;336;914;456;381;193;807;58;147;381;249;571;88;37;128;129;458;414;970;1033;440;403;95;0;106;897;167;108;355;137;1037;773;208;150;325;962;728;65;383;101;484;693;190;227;128;778;999;326;314;225;964;302;924;55;356;1000;239;190;310;999;110;44;167;279;872;1031;526;368;442;934;1058;197;841;616;594;1030;1053;44;130;489;175;1039;860;662;629;251;1077;358;1028;896;827;840;350;88
Нерун;595;133;474;798;884;181;156;299;895;826;571;927;110;380;237;815;454;488;94;708;165;48;379;247;472;71;69;34;235;360;315;872;934;438;401;201;106;0;799;274;46;353;244;938;674;315;72;323;863;629;41;284;29;385;595;187;334;56;680;901;432;421;223;865;299;825;90;463;901;140;91;211;900;217;150;273;277;773;933;427;270;343;835;959;98;743;518;495;932;955;149;139;390;155;940;762;563;531;249;978;259;929;798;728;742;251;106
Ирун;282;752;686;27;139;618;919;1090;96;73;228;175;909;1171;562;26;1218;1279;705;91;956;750;1143;1010;327;814;860;832;1026;439;484;119;136;1202;1164;992;897;799;0;1065;789;1117;1035;186;125;1106;870;1087;64;169;832;515;828;423;205;951;1125;854;144;127;1223;1212;986;66;1063;98;849;1254;103;658;724;587;148;1008;941;1064;1041;25;188;371;532;465;36;161;714;57;288;318;187;210;941;938;408;947;166;63;259;268;1012;233;546;185;70;87;57;571;904
Насера;861;407;740;1064;1150;447;261;26;1161;1092;837;1193;236;109;503;1081;559;216;360;974;118;314;484;352;738;255;204;268;42;626;581;1138;1200;543;506;73;167;274;1065;0;276;458;30;1204;940;47;271;428;1129;895;233;550;267;651;861;292;60;240;946;1167;160;149;328;1131;404;1091;222;191;1167;406;357;477;1166;71;123;32;382;1039;1199;693;536;609;1101;1225;364;1009;784;761;1198;1221;147;233;656;278;1206;1028;829;797;354;1244;525;1195;1064;994;1008;517;190
Мемир;585;153;464;788;874;171;202;301;885;816;561;918;157;382;227;806;500;490;84;698;167;38;426;293;462;25;72;80;237;350;305;862;924;484;447;203;108;46;789;276;0;399;246;929;664;317;118;370;853;620;43;274;76;376;585;234;336;102;670;891;434;423;269;855;346;815;61;465;892;131;81;201;890;219;153;275;324;764;923;417;260;333;825;950;88;733;508;485;922;945;152;185;380;201;930;752;554;521;295;968;250;920;788;718;732;242;152
Зевар;913;426;792;1116;1202;499;197;483;1213;1144;889;1245;243;564;555;1133;101;672;447;1026;340;401;29;106;790;409;392;319;419;678;633;1190;1252;85;48;385;355;353;1117;458;399;0;428;1256;992;499;281;33;1181;947;366;602;330;703;913;166;518;312;998;1219;616;605;130;1183;54;1143;410;647;1219;493;444;529;1218;416;349;457;79;1091;1251;745;588;661;1153;1277;451;1061;836;813;1250;1273;311;225;708;203;1258;1080;881;849;114;1296;577;1247;1116;1046;1060;569;267
Кимир;831;377;710;1033;1120;417;230;56;1130;1062;807;1163;206;137;473;1051;529;244;330;944;88;284;454;321;708;225;174;238;38;596;551;1108;1170;513;476;42;137;244;1035;30;246;428;0;1174;910;71;241;398;1099;865;203;520;237;621;831;262;90;210;916;1137;188;177;297;1101;374;1061;192;219;1137;376;327;447;1136;62;93;30;352;1009;1168;663;506;579;1071;1195;334;979;754;731;1168;1191;117;203;626;247;1176;997;799;766;323;1214;495;1165;1034;964;978;487;160
Мавен;414;892;826;159;81;757;1059;1230;112;113;368;31;1049;1311;701;197;1357;1418;844;245;1095;890;1283;1150;466;953;1000;972;1166;579;623;66;90;1341;1304;1132;1037;938;186;1204;929;1256;1174;0;264;1245;1010;1227;143;309;972;654;968;562;344;1091;1264;994;270;81;1363;1351;1126;141;1203;117;989;1393;123;798;864;727;38;1147;1081;1204;1181;199;95;511;672;605;171;78;853;217;428;458;72;45;1081;1077;548;1086;58;177;399;408;1152;69;686;36;141;210;231;710;1044
Омир;199;627;561;124;210;493;795;966;221;152;103;253;784;1047;437;141;1093;1154;580;34;831;626;1018;886;202;689;736;708;901;314;359;198;260;1077;1040;867;773;674;125;940;664;992;910;264;0;981;746;962;189;45;707;390;703;298;80;826;1000;730;28;227;1098;1087;862;191;938;151;725;1129;227;534;599;463;226;883;817;940;916;99;259;247;408;340;161;285;589;69;164;193;258;281;817;813;284;822;266;88;135;143;888;304;421;255;124;54;68;446;780
Салан;902;448;781;1105;1191;488;301;25;1202;1133;878;1234;277;66;544;1122;600;173;401;1015;159;355;525;392;779;296;245;309;90;667;622;1179;1241;584;547;113;208;315;1106;47;317;499;71;1245;981;0;312;469;1170;936;274;591;308;692;902;333;39;281;987;1208;117;106;368;1172;445;1132;263;148;1208;447;398;518;1207;118;164;41;423;1080;1240;734;577;650;1142;1266;405;1050;825;802;1239;1262;188;274;697;319;1247;1069;870;838;395;1285;566;1236;1105;1035;1049;558;231
Сиран;666;205;545;869;956;253;84;296;966;897;642;999;39;377;309;887;383;485;166;779;153;120;308;175;543;128;113;38;232;431;387;943;1006;366;329;198;150;72;870;271;118;281;241;1010;746;312;0;252;935;701;85;355;49;457;666;116;331;30;751;972;429;418;151;937;228;896;134;460;973;212;162;283;972;229;162;270;206;845;1004;499;341;414;907;1031;170;814;589;567;1003;1026;124;67;462;84;1012;833;635;602;177;1050;331;1001;869;800;813;323;80
Тайра;883;396;762;1086;1172;469;168;454;1183;1114;859;1216;213;535;525;1104;134;642;417;996;310;371;56;77;760;379;362;290;389;648;603;1160;1222;115;80;356;325;323;1087;428;370;33;398;1227;962;469;252;0;1151;918;337;572;301;674;883;136;488;282;968;1189;586;575;101;1153;30;1113;381;617;1190;464;414;500;1188;386;320;428;46;1062;1221;716;558;631;1123;1248;421;1031;806;783;1220;1243;281;195;679;174;1228;1050;852;819;81;1266;548;1218;1086;1016;1030;540;238
Джавар;342;816;750;86;129;682;984;1155;32;40;292;129;973;1236;626;54;1282;1343;769;155;1020;815;1207;1075;391;878;925;897;1090;503;548;86;74;1266;1229;1057;962;863;64;1129;853;1181;1099;143;189;1170;935;1151;0;234;896;579;892;487;269;1015;1189;919;198;63;1287;1276;1051;40;1127;69;914;1318;71;723;788;652;105;1072;1006;1129;1105;90;177;436;597;530;28;99;778;122;353;382;176;188;1006;1002;473;1011;102;104;324;333;1077;213;610;174;68;137;121;635;969
Шатар;154;583;517;168;255;448;750;921;265;196;59;298;740;1002;392;186;1048;1109;535;79;786;581;974;841;157;644;691;663;857;270;314;243;305;1032;995;823;728;629;169;895;620;947;865;309;45;936;701;918;234;0;663;345;659;253;35;782;955;685;50;271;1054;1042;817;236;894;196;680;1084;272;489;555;418;271;838;772;895;872;144;303;202;363;296;206;330;544;113;119;149;302;325;772;768;239;777;311;132;90;99;843;349;377;300;168;99;112;401;735
Ралан;628;174;507;831;917;214;169;258;928;859;604;961;124;339;271;849;468;447;127;741;124;82;393;260;505;43;28;62;194;393;348;905;968;451;414;160;65;41;832;233;43;366;203;972;707;274;85;337;896;663;0;317;36;419;628;201;293;62;713;934;391;380;236;898;313;858;49;422;935;174;124;245;934;176;109;232;291;807;966;461;303;376;868;993;131;776;551;529;965;988;109;152;424;169;973;795;597;564;262;1011;293;963;831;762;775;285;112
Аширан;311;237;303;514;600;103;405;576;611;542;287;644;394;656;47;532;703;764;190;424;441;236;628;496;188;299;346;317;511;76;31;588;650;687;650;477;383;284;515;550;274;602;520;654;390;591;355;572;579;345;317;0;313;102;311;436;610;340;396;617;708;697;472;581;548;541;335;739;618;143;209;73;616;493;427;549;526;490;649;143;26;59;551;676;199;459;234;211;648;671;426;423;106;432;656;478;280;247;498;694;31;646;514;444;458;56;390
Айра;624;163;503;827;913;210;133;292;924;855;600;957;88;373;266;845;432;481;123;737;149;78;357;224;501;79;64;26;228;389;344;901;964;415;378;194;101;29;828;267;76;330;237;968;703;308;49;301;892;659;36;313;0;415;624;165;327;26;709;930;425;414;200;894;277;854;85;456;931;170;120;241;930;212;145;266;255;803;962;457;299;372;864;989;127;772;547;525;961;984;120;116;420;133;969;791;593;560;226;1007;289;959;827;758;771;281;76
Васай;219;339;309;421;508;204;506;677;518;450;195;551;496;758;148;439;805;865;292;332;542;337;730;597;96;400;447;419;613;41;78;496;558;788;751;579;484;385;423;651;376;703;621;562;298;692;457;674;487;253;419;102;415;0;219;538;711;441;304;525;810;799;573;489;650;449;436;841;525;245;311;174;524;594;528;651;628;397;556;51;127;43;459;583;300;367;142;119;556;579;528;524;32;534;564;386;187;154;599;602;133;553;422;352;366;157;491
Кахан;119;548;482;204;290;414;715;886;301;232;24;333;705;967;358;221;1014;1075;501;114;752;547;939;806;123;610;657;628;822;235;280;278;340;998;961;788;693;595;205;861;585;913;831;344;80;902;666;883;269;35;628;311;624;219;0;747;921;650;86;307;1019;1008;782;271;859;231;646;1050;307;454;520;384;306;804;738;860;837;179;339;168;328;261;241;365;510;149;84;114;338;361;737;734;205;743;346;168;55;64;809;384;342;335;204;134;148;367;700
Лайат;747;260;626;950;1036;333;32;318;1047;978;723;1080;77;399;390;968;267;506;281;860;174;236;192;59;624;244;226;154;254;512;467;1024;1087;251;213;220;190;187;951;292;234;166;262;1091;826;333;116;136;1015;782;201;436;165;538;747;0;352;146;832;1053;451;439;35;1017;112;977;245;481;1054;328;278;364;1053;250;184;292;90;926;1085;580;422;495;987;1112;285;895;670;648;1084;1107;146;60;543;38;1092;914;716;683;61;1130;412;1082;950;881;894;404;102
Темир;921;467;800;1124;1210;507;321;39;1221;1152;897;1253;296;49;563;1141;619;156;420;1034;178;374;544;412;798;315;264;328;102;686;641;1198;1260;603;566;133;227;334;1125;60;336;518;90;1264;1000;39;331;488;1189;955;293;610;327;711;921;352;0;300;1006;1227;101;89;388;1191;464;1151;282;131;1227;466;417;537;1226;131;183;72;442;1099;1259;753;596;669;1161;1285;424;1069;844;821;1258;1281;207;293;716;338;1266;1088;889;857;414;1304;585;1255;1124;1054;1068;577;250
Русай;650;189;529;853;940;237;114;266;950;881;626;983;69;347;293;871;413;454;150;763;122;104;338;205;527;105;91;28;202;415;371;927;990;397;360;168;128;56;854;240;102;312;210;994;730;281;30;282;919;685;62;340;26;441;650;146;300;0;735;956;399;388;181;921;258;881;112;430;957;196;146;267;956;198;132;240;236;829;988;483;325;399;891;1015;154;798;573;551;987;1010;94;92;446;114;996;817;619;586;207;1034;315;985;853;784;797;307;50
Нехан;205;633;567;130;216;499;800;971;229;158;109;260;790;1052;443;161;1099;1160;586;53;837;631;1024;891;208;695;741;713;907;320;365;204;272;1083;1045;873;778;680;144;946;670;998;916;270;28;987;751;968;198;50;713;396;709;304;86;832;1006;735;0;233;1104;1093;867;211;944;157;730;1135;247;539;605;468;232;889;822;945;922;119;265;252;413;346;181;296;595;88;169;199;264;287;822;819;289;828;272;94;140;149;893;310;427;262;130;60;87;452;785
Нахан;377;854;788;121;72;720;1021;1192;31;75;330;66;1011;1273;663;116;1320;1381;807;207;1058;852;1245;1112;429;916;962;934;1128;541;586;29;71;1304;1266;1094;999;901;127;1167;891;1219;1137;81;227;1208;972;1189;63;271;934;617;930;525;307;1053;1227;956;233;0;1325;1314;1088;60;1165;79;951;1356;71;760;826;689;43;1110;1043;1166;1143;152;120;473;634;567;90;64;816;179;390;420;119;125;1043;1039;510;1049;39;139;361;370;1114;150;648;117;103;172;184;673;1006
Хасея;1019;565;898;1222;1308;605;419;140;1319;1250;995;1352;394;52;662;1240;717;67;518;1132;276;473;643;510;896;414;363;427;203;784;739;1296;1359;701;664;231;326;432;1223;160;434;616;188;1363;1098;117;429;586;1287;1054;391;708;425;810;1019;451;101;399;1104;1325;0;26;486;1289;563;1249;381;42;1326;565;515;636;1325;231;282;159;540;1198;1357;852;694;767;1259;1384;522;1167;942;920;1356;1379;305;391;815;436;1364;1186;988;955;512;1402;684;1354;1222;1153;1166;676;349
Месея;1008;554;887;1211;1297;594;408;128;1308;1239;984;1341;383;41;650;1229;706;67;507;1121;265;461;631;499;885;402;351;416;192;773;728;1285;1347;690;653;220;314;421;1212;149;423;605;177;1351;1087;106;418;575;1276;1042;380;697;414;799;1008;439;89;388;1093;1314;26;0;475;1278;551;1238;370;42;1315;554;504;624;1313;220;270;148;529;1187;1346;840;683;756;1248;1373;511;1156;931;908;1345;1368;294;380;803;425;1353;1175;977;944;501;1391;673;1343;1211;1141;1155;665;338
Зевен;782;296;661;985;1072;369;67;353;1082;1013;758;1115;112;434;425;1003;231;542;317;896;210;271;157;24;660;279;262;189;289;547;503;1060;1122;215;178;255;225;223;986;328;269;130;297;1126;862;368;151;101;1051;817;236;472;200;573;782;35;388;181;867;1088;486;475;0;1053;77;1013;280;517;1089;363;313;399;1088;285;219;327;55;961;1120;615;457;531;1023;1147;321;930;705;683;1119;1142;181;95;578;73;1128;949;751;718;42;1166;447;1117;985;916;929;439;137
Кисера;348;818;752;93;132;684;986;1157;30;79;294;127;975;1238;628;56;1284;1345;771;157;1022;817;1209;1077;393;880;927;899;1092;505;550;89;69;1268;1231;1058;964;865;66;1131;855;1183;1101;141;191;1172;937;1153;40;236;898;581;894;489;271;1017;1191;921;211;60;1289;1278;1053;0;1129;109;916;1320;36;725;790;654;103;1074;1008;1131;1107;92;181;438;599;531;30;94;780;124;355;384;180;186;1008;1004;475;1013;100;129;326;334;1079;211;612;177;107;154;123;637;971
Машара;859;372;738;1062;1149;445;144;430;1159;1090;835;1192;189;511;502;1080;155;618;393;972;286;348;83;53;736;356;338;266;366;624;579;1136;1199;138;101;332;302;299;1063;404;346;54;374;1203;938;445;228;30;1127;894;313;548;277;650;859;112;464;258;944;1165;563;551;77;1129;0;1089;357;593;1166;440;390;476;1165;362;296;404;25;1038;1197;692;534;607;1099;1224;397;1007;782;760;1196;1219;258;172;655;150;1204;1026;828;795;61;1242;524;1194;1062;993;1006;516;214
Сашара;326;778;712;71;59;644;946;1117;101;30;254;106;935;1197;588;119;1244;1305;731;131;982;777;1169;1037;353;840;887;858;1052;465;510;50;144;1228;1191;1018;924;825;98;1091;815;1143;1061;117;151;1132;896;1113;69;196;858;541;854;449;231;977;1151;881;157;79;1249;1238;1013;109;1089;0;876;1280;141;684;750;614;78;1034;968;1091;1067;111;108;398;559;491;97;143;740;104;314;344;107;130;968;964;435;973;118;63;286;294;1039;153;572;105;27;97;128;597;931
Сирим;645;214;525;848;935;232;213;248;945;876;622;978;173;329;288;866;511;436;145;759;114;99;437;304;523;36;35;112;184;410;366;923;985;495;458;150;55;90;849;222;61;410;192;989;725;263;134;381;914;680;49;335;85;436;646;245;282;112;730;951;381;370;280;916;357;876;0;412;952;191;142;262;951;165;99;222;334;824;983;478;320;394;886;1010;149;794;569;546;982;1006;99;185;441;218;991;812;614;581;306;1029;310;980;848;779;792;302;143
Талан;1050;596;929;1253;1339;636;450;170;1350;1281;1026;1383;425;83;692;1271;748;27;549;1163;307;503;673;541;927;444;393;458;234;815;770;1327;1389;732;695;262;356;463;1254;191;465;647;219;1393;1129;148;460;617;1318;1084;422;739;456;841;1050;481;131;430;1135;1356;42;42;517;1320;593;1280;412;0;1357;596;546;666;1355;262;312;190;571;1229;1388;882;725;798;1290;1415;553;1198;973;950;1387;1410;336;422;845;467;1395;1217;1019;986;543;1433;715;1385;1253;1183;1197;707;380
Джасера;385;855;789;129;142;720;1022;1193;40;111;331;91;1012;1274;664;92;1321;1381;807;194;1058;853;1246;1113;430;916;963;935;1129;542;586;100;33;1304;1267;1095;1000;901;103;1167;892;1219;1137;123;227;1208;973;1190;71;272;935;618;931;525;307;1054;1227;957;247;71;1326;1315;1089;36;1166;141;952;1357;0;761;827;690;113;1110;1044;1167;1144;128;191;474;635;568;66;58;816;160;391;421;190;167;1044;1040;511;1049;65;165;362;371;1115;192;649;159;139;190;160;673;1007
Шамир;454;160;333;657;744;41;296;432;754;685;430;787;251;513;97;675;595;620;47;567;298;92;520;387;331;156;202;174;368;219;175;731;794;578;541;334;239;140;658;406;131;493;376;798;534;447;212;464;723;489;174;143;170;245;454;328;466;196;539;760;565;554;363;725;440;684;191;596;761;0;66;71;760;349;283;406;418;633;792;287;129;202;695;819;55;602;377;355;791;814;283;279;250;296;800;621;423;390;389;838;119;789;657;588;601;111;246
Райат;520;94;399;723;809;106;246;382;820;751;496;853;201;463;163;741;545;571;26;633;248;43;470;337;397;106;153;124;318;285;240;797;860;529;492;284;190;91;724;357;81;444;327;864;599;398;162;414;788;555;124;209;120;311;520;278;417;146;605;826;515;504;313;790;390;750;142;546;827;66;0;137;826;300;234;356;368;699;858;353;195;268;760;885;53;668;443;421;857;880;233;230;316;246;865;687;489;456;339;903;185;855;723;654;667;177;196
Ашимей;383;165;323;586;673;30;332;503;683;614;360;716;322;584;26;604;630;691;117;497;368;163;556;423;261;226;273;245;439;148;104;661;723;614;577;405;310;211;587;477;201;529;447;727;463;518;283;500;652;418;245;73;241;174;384;364;537;267;468;689;636;624;399;654;476;614;262;666;690;71;137;0;689;420;354;477;453;562;721;216;58;132;624;748;126;531;306;284;720;744;354;350;179;359;729;550;352;319;425;767;48;718;586;517;530;44;317
Амей;376;854;787;121;43;719;1021;1192;73;75;329;27;1011;1273;663;159;1319;1380;806;206;1057;852;1244;1112;428;915;962;934;1128;541;585;28;86;1303;1266;1094;999;900;148;1166;890;1218;1136;38;226;1207;972;1188;105;271;934;616;930;524;306;1053;1226;956;232;43;1325;1313;1088;103;1165;78;951;1355;113;760;826;689;0;1109;1043;1166;1142;161;92;473;634;567;133;74;815;179;390;419;91;83;1043;1039;510;1048;54;139;361;370;1114;108;647;75;103;172;192;672;1006
Васера;804;350;683;1007;1093;390;218;96;1104;1035;780;1136;194;179;446;1024;517;287;303;917;76;257;442;309;681;198;147;226;28;569;524;1081;1143;501;463;31;110;217;1008;71;219;416;62;1147;883;118;229;386;1072;838;176;493;212;594;804;250;131;198;889;1110;231;220;285;1074;362;1034;165;262;1110;349;300;420;1109;0;66;91;340;982;1142;636;479;552;1044;1168;307;952;727;704;1141;1164;104;190;599;235;1149;971;772;740;311;1187;468;1138;1007;937;951;460;148
Ларим;737;284;617;940;1027;324;152;149;1037;968;714;1070;127;230;380;958;451;337;237;851;29;191;376;243;615;132;81;160;85;502;458;1015;1077;434;397;51;44;150;941;123;153;349;93;1081;817;164;162;320;1006;772;109;427;145;528;738;184;183;132;822;1043;282;270;219;1008;296;968;99;312;1044;283;234;354;1043;66;0;123;274;916;1075;570;412;486;978;1102;241;886;661;638;1074;1098;38;124;533;169;1083;904;706;673;245;1121;402;1072;940;871;884;394;82
Тешим;860;407;739;1063;1150;447;260;32;1160;1091;836;1193;235;107;503;1081;559;214;360;973;118;314;484;351;737;255;204;268;68;625;581;1137;1200;542;505;72;167;273;1064;32;275;457;30;1204;940;41;270;428;1129;895;232;549;266;651;860;292;72;240;945;1166;159;148;327;1131;404;1091;222;190;1167;406;356;477;1166;91;123;0;382;1039;1198;693;535;609;1101;1225;364;1008;783;761;1197;1220;146;232;656;277;1206;1027;829;796;353;1244;525;1195;1063;994;1007;517;190
Рулан;837;350;716;1040;1126;423;122;408;1137;1068;813;1170;167;489;479;1058;180;596;371;950;264;325;102;31;714;333;316;244;343;602;557;1114;1176;161;127;310;279;277;1041;382;324;79;352;1181;916;423;206;46;1105;872;291;526;255;628;837;90;442;236;922;1143;540;529;55;1107;25;1067;334;571;1144;418;368;453;1142;340;274;382;0;1016;1175;669;512;585;1077;1202;375;985;760;737;1174;1197;235;149;632;128;1182;1004;806;773;35;1220;502;1172;1040;970;984;494;192
Несай;295;727;661;40;152;592;894;1065;121;86;203;188;884;1146;536;42;1193;1253;679;66;930;725;1118;985;302;788;835;807;1001;414;458;132;161;1176;1139;967;872;773;25;1039;764;1091;1009;199;99;1080;845;1062;90;144;807;490;803;397;179;926;1099;829;119;152;1198;1187;961;92;1038;111;824;1229;128;633;699;562;161;982;916;1039;1016;0;201;346;507;440;62;186;688;32;263;293;200;223;916;912;383;921;191;72;234;243;987;246;521;198;84;62;32;545;879
Ирия;404;886;820;161;48;752;1053;1224;151;137;362;119;1043;1305;695;209;1352;1413;839;239;1090;884;1277;1144;461;948;994;966;1160;573;618;91;178;1335;1298;1126;1031;933;188;1199;923;1251;1168;95;259;1240;1004;1221;177;303;966;649;962;556;339;1085;1259;988;265;120;1357;1346;1120;181;1197;108;983;1388;191;792;858;721;92;1142;1075;1198;1175;201;0;505;666;599;205;165;848;211;422;452;26;80;1075;1071;542;1081;146;171;393;402;1146;88;680;59;135;204;232;705;1038
Насея;167;381;315;370;457;246;548;719;467;398;144;500;538;800;190;388;846;907;333;281;584;379;772;639;45;442;489;461;655;68;112;445;507;830;793;621;526;427;371;693;417;745;663;511;247;734;499;716;436;202;461;143;457;51;168;580;753;483;252;473;852;840;615;438;692;398;478;882;474;287;353;216;473;636;570;693;669;346;505;0;161;94;408;532;342;315;90;68;504;528;570;566;37;575;513;334;136;103;641;551;174;502;370;301;314;199;533
Хамир;328;223;278;531;618;89;390;561;628;559;304;661;380;642;33;549;689;750;176;441;427;221;614;481;206;285;331;303;497;93;49;605;668;673;635;463;368;270;532;536;260;588;506;672;408;577;341;558;597;363;303;26;299;127;328;422;596;325;413;634;694;683;457;599;534;559;320;725;635;129;195;58;634;479;412;535;512;507;666;161;0;84;569;693;185;476;251;229;665;688;412;408;124;418;674;495;297;264;483;712;35;663;531;462;475;62;375
Месай;261;296;309;464;551;162;464;635;561;492;237;594;453;715;106;482;762;823;249;374;500;295;687;555;138;358;405;376;570;39;36;538;601;746;709;536;442;343;465;609;333;661;579;605;340;650;414;631;530;296;376;59;372;43;261;495;669;399;346;567;767;756;531;531;607;491;394;798;568;202;268;132;567;552;486;609;585;440;599;94;84;0;501;626;258;409;184;162;598;621;486;482;61;491;606;428;230;197;557;645;90;596;464;395;408;115;449
Зелан;318;788;722;63;157;654;956;1127;60;68;264;157;945;1208;598;26;1254;1315;741;127;992;787;1179;1047;363;850;897;869;1062;475;520;114;99;1238;1201;1028;934;835;36;1101;825;1153;1071;171;161;1142;907;1123;28;206;868;551;864;459;241;987;1161;891;181;90;1259;1248;1023;30;1099;97;886;1290;66;695;760;624;133;1044;978;1101;1077;62;205;408;569;501;0;124;750;94;325;354;204;216;978;974;445;983;130;99;296;304;1049;241;582;202;96;124;93;607;941
Кишим;440;913;847;185;117;778;1080;1251;68;139;389;46;1070;1332;722;150;1379;1439;866;252;1117;911;1304;1171;488;975;1021;993;1187;600;644;92;25;1362;1325;1153;1058;959;161;1225;950;1277;1195;78;285;1266;1031;1248;99;330;993;676;989;583;365;1112;1285;1015;296;64;1384;1373;1147;94;1224;143;1010;1415;58;819;885;748;74;1168;1102;1225;1202;186;165;532;693;626;124;0;874;218;449;479;150;122;1102;1098;569;1108;24;203;420;429;1173;147;707;114;167;236;218;731;1065
Маран;510;147;389;713;799;96;254;390;810;741;486;842;208;471;152;730;552;578;31;623;255;50;477;345;387;113;160;132;325;275;230;787;849;536;499;292;197;98;714;364;88;451;334;853;589;405;170;421;778;544;131;199;127;300;510;285;424;154;595;816;522;511;321;780;397;740;149;553;816;55;53;126;815;307;241;364;375;688;848;342;185;258;750;874;0;658;433;410;847;870;241;237;305;253;855;677;478;446;347;893;174;844;713;643;657;166;204
Омей;268;696;630;72;163;562;863;1034;153;104;172;206;853;1115;506;74;1162;1223;649;35;900;695;1087;954;271;758;805;776;970;383;428;150;193;1146;1109;936;841;743;57;1009;733;1061;979;217;69;1050;814;1031;122;113;776;459;772;367;149;895;1069;798;88;179;1167;1156;930;124;1007;104;794;1198;160;602;668;531;179;952;886;1008;985;32;211;315;476;409;94;218;658;0;232;262;210;233;885;882;352;891;219;40;203;212;956;257;490;208;76;30;25;515;848
Сайат;90;471;405;287;374;337;638;809;384;315;60;417;628;890;281;305;937;998;424;197;675;469;862;729;46;533;580;551;745;158;203;361;424;921;884;711;616;518;288;784;508;836;754;428;164;825;589;806;353;119;551;234;547;142;84;670;844;573;169;390;942;931;705;355;782;314;569;973;391;377;443;306;390;727;661;783;760;263;422;90;251;184;325;449;433;232;0;30;421;444;660;657;127;666;430;251;64;35;731;468;265;419;287;218;231;290;623
Силин;99;449;382;317;403;314;616;787;414;345;90;447;606;868;258;335;914;975;401;227;652;447;840;707;29;510;557;529;723;136;180;391;454;898;861;689;594;495;318;761;485;813;731;458;193;802;567;783;382;149;529;211;525;119;114;648;821;551;199;420;920;908;683;384;760;344;546;950;421;355;421;284;419;704;638;761;737;293;452;68;229;162;354;479;410;262;30;0;451;474;638;634;105;643;459;281;91;58;709;497;242;449;317;248;261;267;601
Тамун;403;885;819;160;48;751;1052;1223;150;136;361;104;1042;1304;695;208;1351;1412;838;238;1089;883;1276;1143;460;947;993;965;1159;572;617;90;162;1335;1297;1125;1030;932;187;1198;922;1250;1168;72;258;1239;1003;1220;176;302;965;648;961;556;338;1084;1258;987;264;119;1356;1345;1119;180;1196;107;982;1387;190;791;857;720;91;1141;1074;1197;1174;200;26;504;665;598;204;150;847;210;421;451;0;55;1074;1071;541;1080;131;170;392;401;1145;63;679;36;134;203;232;704;1037
Джамун;426;908;842;183;71;774;1075;1246;156;157;384;76;1065;1327;718;231;1374;1435;861;261;1112;907;1299;1166;483;970;1017;988;1182;595;640;111;135;1358;1321;1148;1053;955;210;1221;945;1273;1191;45;281;1262;1026;1243;188;325;988;671;984;579;361;1107;1281;1010;287;125;1379;1368;1142;186;1219;130;1006;1410;167;814;880;744;83;1164;1098;1220;1197;223;80;528;688;621;216;122;870;233;444;474;55;0;1097;1094;565;1103;103;193;415;424;1169;30;702;25;157;227;255;727;1060
Шарун;737;283;616;940;1027;324;114;172;1037;968;713;1070;89;253;380;958;412;361;237;850;29;191;337;205;614;132;81;122;108;502;458;1014;1077;396;359;74;44;149;941;147;152;311;117;1081;817;188;124;281;1006;772;109;426;120;528;737;146;207;94;822;1043;305;294;181;1008;258;968;99;336;1044;283;233;354;1043;104;38;146;235;916;1075;570;412;486;978;1102;241;885;660;638;1074;1097;0;86;533;131;1083;904;706;673;207;1121;402;1072;940;871;884;394;44
Равар;733;257;613;936;1023;320;28;258;1033;964;710;1066;28;339;376;954;326;447;233;847;115;187;252;119;611;195;167;105;194;498;454;1011;1073;310;273;160;130;139;938;233;185;225;203;1077;813;274;67;195;1002;768;152;423;116;524;734;60;293;92;819;1039;391;380;95;1004;172;964;185;422;1040;279;230;350;1039;190;124;232;149;912;1071;566;408;482;974;1098;237;882;657;634;1071;1094;86;0;529;45;1079;900;702;669;121;1117;398;1068;936;867;881;390;42
Ашитар;204;344;278;407;494;209;511;682;504;435;181;537;501;763;153;425;809;870;296;318;547;342;735;602;82;405;452;424;618;31;75;482;544;793;756;584;489;390;408;656;380;708;626;548;284;697;462;679;473;239;424;106;420;32;205;543;716;446;289;510;815;803;578;475;655;435;441;845;511;250;316;179;510;599;533;656;632;383;542;37;124;61;445;569;305;352;127;105;541;565;533;529;0;538;550;371;173;140;604;588;137;539;407;338;351;162;496
Ашим;743;256;622;946;1032;329;27;303;1043;974;719;1075;45;384;385;964;305;492;249;856;160;203;230;97;620;211;197;122;239;508;463;1020;1082;288;251;205;175;155;947;278;201;203;247;1086;822;319;84;174;1011;777;169;432;133;534;743;38;338;114;828;1049;436;425;73;1013;150;973;218;467;1049;296;246;359;1048;235;169;277;128;921;1081;575;418;491;983;1108;253;891;666;643;1080;1103;131;45;538;0;1088;910;711;679;99;1126;407;1078;946;876;890;399;87
Ванар;416;893;827;161;97;759;1061;1232;70;114;369;27;1050;1313;703;156;1359;1420;846;246;1097;892;1284;1152;468;955;1002;974;1167;580;625;68;32;1343;1306;1133;1039;940;166;1206;930;1258;1176;58;266;1247;1012;1228;102;311;973;656;969;564;346;1092;1266;996;272;39;1364;1353;1128;100;1204;118;991;1395;65;800;865;729;54;1149;1083;1206;1182;191;146;513;674;606;130;24;855;219;430;459;131;103;1083;1079;550;1088;0;178;401;409;1154;128;687;95;142;212;223;712;1046
Камей;287;715;649;36;123;581;882;1053;135;64;191;166;872;1134;524;84;1181;1242;668;68;919;713;1106;973;290;777;823;795;989;402;447;110;178;1164;1127;955;860;762;63;1028;752;1080;997;177;88;1069;833;1050;104;132;795;478;791;386;168;914;1088;817;94;139;1186;1175;949;129;1026;63;812;1217;165;621;687;550;139;971;904;1027;1004;72;171;334;495;428;99;203;677;40;251;281;170;193;904;900;371;910;178;0;222;231;975;216;509;168;36;33;65;534;867
Лайра;146;517;451;258;345;382;684;855;355;286;39;388;674;936;326;276;983;1043;469;168;720;515;908;775;92;578;625;597;791;204;248;332;395;966;929;757;662;563;259;829;554;881;799;399;135;870;635;852;324;90;597;280;593;187;55;716;889;619;140;361;988;977;751;326;828;286;614;1019;362;423;489;352;361;772;706;829;806;234;393;136;297;230;296;420;478;203;64;91;392;415;706;702;173;711;401;222;0;33;777;439;311;390;258;189;202;335;669
Тенар;125;484;418;267;354;350;651;822;364;295;40;397;641;903;293;285;950;1011;437;177;688;482;875;742;59;546;592;564;758;171;216;341;404;933;896;724;629;531;268;797;521;849;766;408;143;838;602;819;333;99;564;247;560;154;64;683;857;586;149;370;955;944;718;334;795;294;581;986;371;390;456;319;370;740;673;796;773;243;402;103;264;197;304;429;446;212;35;58;401;424;673;669;140;679;409;231;33;0;744;447;278;399;267;198;211;303;636
Рухан;808;322;687;1011;1098;395;93;379;1108;1039;785;1141;138;460;451;1029;215;568;343;922;236;297;137;31;686;305;288;215;315;573;529;1086;1148;197;162;281;251;249;1012;354;295;114;323;1152;888;395;177;81;1077;843;262;498;226;599;809;61;414;207;893;1114;512;501;42;1079;61;1039;306;543;1115;389;339;425;1114;311;245;353;35;987;1146;641;483;557;1049;1173;347;956;731;709;1145;1169;207;121;604;99;1154;975;777;744;0;1192;473;1143;1011;942;955;465;163
Несея;450;931;865;206;94;797;1099;1270;181;182;407;101;1088;1351;741;255;1397;1458;884;284;1135;930;1322;1190;506;993;1040;1012;1205;618;663;136;159;1381;1344;1172;1077;978;233;1244;968;1296;1214;69;304;1285;1050;1266;213;349;1011;694;1007;602;384;1130;1304;1034;310;150;1402;1391;1166;211;1242;153;1029;1433;192;838;903;767;108;1187;1121;1244;1220;246;88;551;712;645;241;147;893;257;468;497;63;30;1121;1117;588;1126;128;216;439;447;1192;0;725;49;180;250;278;750;1084
Ихан;342;213;313;545;631;78;380;551;642;573;318;675;370;632;29;563;679;739;165;455;416;211;604;471;219;274;321;293;487;107;62;619;681;662;625;453;358;259;546;525;250;577;495;686;421;566;331;548;610;377;293;31;289;133;342;412;585;315;427;648;684;673;447;612;524;572;310;715;649;119;185;48;647;468;402;525;502;521;680;174;35;90;582;707;174;490;265;242;679;702;402;398;137;407;687;509;311;278;473;725;0;677;545;475;489;27;365
Нашара;401;883;817;158;45;748;1050;1221;148;134;359;68;1040;1302;692;206;1349;1409;836;236;1086;881;1274;1141;458;944;991;963;1157;570;614;88;126;1332;1295;1123;1028;929;185;1195;920;1247;1165;36;255;1236;1001;1218;174;300;963;646;959;553;335;1082;1255;985;262;117;1354;1343;1117;177;1194;105;980;1385;159;789;855;718;75;1138;1072;1195;1172;198;59;502;663;596;202;114;844;208;419;449;36;25;1072;1068;539;1078;95;168;390;399;1143;49;677;0;132;201;229;701;1035
Харан;299;751;685;44;86;617;918;1089;99;28;227;130;908;1170;560;92;1217;1278;704;104;955;749;1142;1009;326;813;859;831;1025;438;483;74;142;1201;1163;991;896;798;70;1064;788;1116;1034;141;124;1105;869;1086;68;168;831;514;827;422;204;950;1124;853;130;103;1222;1211;985;107;1062;27;848;1253;139;657;723;586;103;1007;940;1063;1040;84;135;370;531;464;96;167;713;76;287;317;134;157;940;936;407;946;142;36;258;267;1011;180;545;132;0;69;101;570;903
Мерия;253;682;615;69;156;547;849;1020;169;97;157;199;839;1101;491;104;1147;1208;634;35;885;680;1072;940;256;743;790;762;956;369;413;144;211;1131;1094;922;827;728;87;994;718;1046;964;210;54;1035;800;1016;137;99;762;444;758;352;134;881;1054;784;60;172;1153;1141;916;154;993;97;779;1183;190;588;654;517;172;937;871;994;970;62;204;301;462;395;124;236;643;30;218;248;203;227;871;867;338;876;212;33;189;198;942;250;475;201;69;0;51;500;834
Земун;267;695;629;72;184;561;862;1033;153;118;171;220;852;1114;505;74;1161;1222;648;34;899;693;1086;953;270;757;803;775;969;382;427;164;193;1145;1107;935;840;742;57;1008;732;1060;978;231;68;1049;813;1030;121;112;775;458;771;366;148;894;1068;797;87;184;1166;1155;929;123;1006;128;792;1197;160;601;667;530;192;951;884;1007;984;32;232;314;475;408;93;218;657;25;231;261;232;255;884;881;351;890;223;65;202;211;955;278;489;229;101;51;0;514;847
Кивен;367;205;340;570;656;70;372;543;667;598;343;699;362;624;40;587;671;731;157;480;408;203;596;463;244;266;313;285;479;132;87;644;706;654;617;445;350;251;571;517;242;569;487;710;446;558;323;540;635;401;285;56;281;157;367;404;577;307;452;673;676;665;439;637;516;597;302;707;673;111;177;44;672;460;394;517;494;545;705;199;62;115;607;731;166;515;290;267;704;727;394;390;162;399;712;534;335;303;465;750;27;701;570;500;514;0;357
Мамей;700;239;579;903;990;287;70;216;1000;931;676;1033;45;297;343;921;369;404;200;813;72;154;294;161;577;155;125;78;152;465;421;977;1040;352;315;118;88;106;904;190;152;267;160;1044;780;231;80;238;969;735;112;390;76;491;700;102;250;50;785;1006;349;338;137;971;214;931;143;380;1007;246;196;317;1006;148;82;190;192;879;1038;533;375;449;941;1065;204;848;623;601;1037;1060;44;42;496;87;1046;867;669;636;163;1084;365;1035;903;834;847;357;0
