;Аурелл;Солена;Кармея;Вароса;Велира;Лусаль;Меретта;Калено;Росена;Белара;Лумера;Савора;Ротала;Новесена;Велера;Терел;Левера;Мелия;Калелена;Фавел;Орелера;Сасера;Сетала;Дена;Тасера;Бесера;Авелена;Кария;Масера;Каремара;Лутора;Солемера;Ватора;Ланета;Илевена;Аутина;Ролия;Новерел;Вена;Терия;Лелора;Метина;Калетина;Фария;Оредара;Сатора;Сарелла;Десена;Тарена;Бенета;Аветора;Фаверна;Мадара;Каремера;Лусса;Вария;Лана;Илесса;Аумара;Ровел;Новевия;Ветина;Тетала;Лерена;Мевена;Делвена;Фарена;Оресера;Савел;Серел;Дерена;Тамера;Берия;Авесера;Катала;Малора;Оресса;Лунета;Солетала;Вадара;Лавесса;Илетала;Аулера;Ровера;Новерия;Тесена;Мерел;Лусена;Фанета;Оретора;Савена;Сесса;Делора;Талия;Белия;Аветала;Тавена;Марелла;Белмара;Лулия;Соледара;Валера;Ладара;Илелия;Аудара;Рория;Новетала;Вемара;Телора;Летора;Тавелла;Солвера;Фатала;Оререл;Салера;Серена;Дедара;Тарел;Бетора;Аверел;Марена;Маверна;Лумара;Соленета;Вавел;Лалена;Илелена;Аусена;Ровена;Новелора;Весена;Тевера;Лелера;Мерена;Фалена;Фасера;Орерия;Садара;Селена;Денета;Татина;Белена
Аурелл;0;303;299;317;592;353;591;465;188;274;452;416;191;668;410;590;662;536;168;346;711;513;128;88;37;559;458;620;62;128;749;376;522;503;760;388;284;711;212;231;462;316;656;691;642;332;152;225;633;696;252;450;599;312;610;67;184;433;47;333;408;471;109;369;687;327;758;25;557;481;557;474;427;625;118;484;377;498;531;574;773;242;717;40;453;274;498;553;740;395;182;650;295;732;303;645;157;643;121;257;162;569;665;517;210;209;89;616;733;669;257;737;700;654;208;704;416;131;372;52;73;545;583;163;320;76;619;541;409;338;299;507;150;684;680;714;505;209;352;425;439;746
Солена;303;0;421;288;309;72;288;180;173;70;150;390;257;387;128;554;617;495;434;322;670;210;399;259;288;273;406;568;356;235;704;367;232;460;484;90;303;430;139;253;435;55;352;388;341;342;195;114;330;649;281;415;311;77;307;267;155;151;309;77;137;431;263;341;409;299;475;325;256;177;254;172;127;341;215;459;96;204;478;531;726;89;414;313;163;277;209;500;462;364;140;596;56;429;304;366;262;606;280;104;439;277;629;216;252;272;366;313;697;365;245;454;415;369;461;400;120;414;109;336;344;241;281;174;98;293;579;247;360;52;271;451;412;382;391;661;224;474;345;135;136;692
Кармея;299;421;0;586;583;419;645;491;253;353;521;194;168;640;449;327;396;286;441;171;439;578;406;234;267;564;239;363;339;221;475;160;542;262;714;462;135;679;283;169;221;390;706;735;678;134;247;309;680;428;145;220;598;370;661;250;276;464;252;389;434;238;213;178;651;175;723;315;601;557;616;538;496;612;251;235;431;533;291;317;499;333;754;338;492;158;522;308;699;190;297;390;375;776;148;619;179;374;192;319;426;584;394;568;170;151;373;676;456;728;183;704;680;637;483;756;476;396;409;344;366;613;629;266;359;226;355;565;213;418;180;276;430;719;669;448;513;474;154;470;520;478
Вароса;317;288;586;0;570;359;498;451;359;332;394;632;428;645;408;809;877;749;322;556;929;433;310;353;335;533;660;829;323;366;966;599;491;713;740;361;513;685;347;451;681;341;551;585;557;562;347;332;538;910;481;663;566;359;517;342;336;428;357;364;421;682;373;579;669;533;726;318;487;401;471;413;382;598;336;705;380;459;737;788;989;321;614;290;430;491;472;760;718;606;314;859;333;618;524;627;408;863;395;350;340;528;886;452;437;449;304;511;956;552;460;706;664;623;322;587;388;335;396;302;290;451;501;335;379;370;836;499;610;339;501;709;306;590;638;925;494;344;575;408;374;957
Велира;592;309;583;570;0;244;132;130;415;319;175;443;469;78;185;529;564;484;739;419;608;148;701;525;568;37;425;521;651;488;632;450;79;462;175;220;449;121;384;439;465;279;159;173;120;455;450;368;136;585;450;446;20;280;132;540;412;161;583;260;185;448;518;421;101;410;167;616;104;174;132;158;189;33;482;480;218;111;462;506;648;350;183;611;147;429;101;475;153;426;410;539;299;208;435;57;493;565;526;336;742;48;582;124;452;471;666;154;636;185;413;146;108;61;768;199;190;715;220;633;644;150;113;434;273;558;541;73;408;262;404;442;717;151;89;588;87;779;442;174;196;611
Лусаль;353;72;419;359;244;0;244;114;193;82;107;354;267;321;59;508;567;450;495;294;619;168;458;295;332;209;364;518;410;263;652;338;170;416;417;43;290;364;157;251;397;38;309;343;291;320;223;135;285;597;274;375;248;50;263;307;182;83;350;30;65;389;293;310;342;274;410;376;206;142;211;127;81;276;250;419;25;145;432;484;674;113;367;369;100;264;146;452;395;329;175;545;58;385;286;299;281;558;306;109;498;216;580;167;256;277;424;272;647;326;236;389;351;305;525;359;64;472;38;391;401;203;233;203;60;329;531;188;322;20;251;404;474;334;329;608;157;536;319;72;102;638
Меретта;591;288;645;498;132;244;0;154;436;325;139;533;507;178;198;642;684;593;718;494;730;78;684;538;573;115;524;639;644;507;756;532;111;567;259;204;510;206;401;485;563;281;65;100;59;528;467;379;43;707;503;543;114;292;20;549;425;181;592;270;211;549;537;502;201;480;238;612;46;111;33;117;164;140;493;581;224;112;572;619;773;356;127;601;153;487;126;587;238;513;417;659;301;142;501;169;523;683;550;352;724;90;701;78;493;513;653;31;759;83;464;221;180;153;741;115;180;701;240;624;630;48;20;447;295;572;658;90;498;255;466;549;696;96;154;712;144;756;519;178;152;736
Калено;465;180;491;451;130;114;154;0;295;192;71;384;358;208;56;508;557;455;609;341;607;98;572;402;443;95;379;510;523;367;636;380;57;426;304;92;356;250;261;333;417;150;215;246;190;374;328;243;189;584;350;396;134;154;170;416;288;33;460;133;61;404;397;350;229;326;296;489;110;95;127;69;71;162;358;436;89;42;434;484;655;224;266;482;22;333;33;452;282;362;284;533;170;287;346;186;378;553;408;212;612;104;573;81;343;363;538;185;635;237;311;275;237;190;639;265;63;586;95;505;515;128;138;310;150;436;526;78;348;132;312;409;588;232;215;591;44;650;366;45;89;619
Росена;188;173;253;359;415;193;436;295;0;113;299;275;86;488;241;454;524;395;352;199;576;361;312;110;157;385;308;477;250;73;613;241;352;359;578;234;155;531;36;94;324;157;501;534;481;204;36;60;476;557;125;307;424;144;455;127;24;262;170;166;234;327;103;223;506;176;578;213;397;333;404;320;273;448;70;349;212;332;384;433;636;85;558;217;287;132;328;407;559;250;46;507;137;576;165;465;90;508;114;84;349;398;531;359;85;103;273;465;601;519;102;557;523;476;389;551;256;318;200;237;253;395;425;29;145;143;481;373;257;185;144;357;332;524;504;573;330;394;216;260;292;605
Белара;274;70;353;332;319;82;325;192;113;0;187;322;193;395;136;490;555;430;422;252;607;249;384;213;251;286;341;506;332;182;643;298;249;395;489;122;233;438;77;184;368;44;391;425;373;271;142;54;366;587;211;348;325;40;344;225;100;159;269;59;134;365;212;272;415;229;485;297;287;221;292;208;161;352;169;392;104;226;415;467;665;32;449;292;180;206;224;437;469;296;93;535;24;466;234;373;202;543;226;34;424;296;565;249;185;205;348;353;634;407;175;464;427;380;454;440;146;396;99;314;326;283;315;122;54;247;515;268;294;72;201;387;401;415;406;600;232;463;275;152;179;631
Лумера;452;150;521;394;175;107;139;71;299;187;0;434;373;252;75;570;622;515;583;383;672;62;548;399;434;138;435;574;506;369;703;425;97;484;347;65;388;292;263;355;472;143;205;239;191;413;328;241;181;650;376;450;172;156;159;410;287;72;453;135;94;461;399;395;275;366;335;473;106;37;106;23;25;204;354;492;90;65;495;546;722;218;265;463;50;363;80;513;325;411;278;598;163;281;382;232;387;616;412;215;589;135;637;66;361;382;516;167;701;220;337;315;273;230;609;254;45;564;112;486;493;96;131;309;162;433;589;105;400;116;347;469;561;232;248;658;106;622;409;55;21;686
Савора;416;390;194;632;443;354;533;384;275;322;434;0;227;485;360;179;250;121;580;76;301;481;541;330;380;432;46;205;471;295;338;42;423;86;546;391;132;519;286;191;49;341;587;610;553;85;295;303;560;284;165;33;460;317;545;351;297;365;376;328;340;55;308;53;492;100;560;439;488;470;509;445;415;466;319;73;355;424;115;160;362;319;624;455;393;147;408;137;534;26;319;235;334;648;115;466;260;233;295;293;570;456;256;464;210;208;503;564;326;611;174;543;526;488;622;634;393;538;328;468;489;512;515;302;298;342;207;445;35;363;132;92;564;590;520;301;390;619;64;380;441;333
Ротала;191;257;168;428;469;267;507;358;86;193;373;227;0;537;308;404;476;348;358;155;526;434;318;103;155;443;267;432;249;69;563;187;414;313;622;310;95;579;118;42;274;234;571;603;547;144;82;144;545;509;62;260;481;217;524;125;108;327;155;238;298;281;82;178;552;135;625;215;465;409;475;393;348;501;96;297;284;398;341;386;587;169;624;229;354;83;391;364;604;205;129;462;216;644;113;514;35;457;74;160;350;459;480;429;21;21;280;536;549;590;70;605;574;528;399;621;329;318;266;244;264;469;493;98;212;121;432;436;218;262;109;317;341;590;558;527;388;398;163;328;369;559
Новесена;668;387;640;645;78;321;178;208;488;395;252;485;537;0;262;548;575;510;816;472;615;217;778;598;642;115;462;536;727;560;635;498;156;492;97;298;508;43;457;504;501;356;177;175;139;509;523;443;163;592;512;484;80;356;169;614;486;239;657;337;261;483;590;471;24;466;90;692;166;246;191;233;267;47;555;513;296;188;488;527;648;426;172;687;225;491;179;498;75;472;486;550;376;197;493;23;563;579;597;410;818;118;594;195;519;537;743;189;642;200;477;69;41;26;846;200;268;791;296;709;721;211;164;508;347;631;557;147;452;339;463;471;794;151;42;593;164;856;493;252;272;612
Велера;410;128;449;408;185;59;198;56;241;136;75;360;308;262;0;499;553;443;554;308;604;129;517;347;387;150;362;505;467;313;636;350;113;411;358;49;316;305;207;287;398;95;262;295;240;339;274;188;237;582;306;376;190;98;216;361;233;24;404;77;21;387;344;320;283;291;352;433;157;111;167;89;56;217;303;419;33;91;423;475;656;168;317;426;46;291;88;443;337;336;229;530;115;336;308;240;326;547;355;158;557;160;568;121;295;315;482;228;633;282;267;331;292;246;583;312;34;530;42;449;460;163;185;256;97;381;519;132;325;78;273;397;532;283;271;591;98;594;334;21;82;620
Терел;590;554;327;809;529;508;642;508;454;490;570;179;404;548;499;0;72;59;750;255;122;605;712;505;554;530;149;38;642;473;160;217;533;95;582;538;309;572;462;369;130;502;686;702;647;259;474;478;661;106;342;147;548;478;650;527;475;498;547;485;478;127;483;231;547;278;603;611;599;601;624;576;555;543;497;106;502;544;76;24;184;491;709;629;522;325;524;56;577;204;496;63;499;735;293;534;435;54;469;464;738;556;77;584;388;384;675;671;147;711;352;591;586;559;792;727;533;707;476;641;662;632;622;481;458;515;29;553;199;520;310;104;736;679;588;124;501;787;241;516;581;156
Левера;662;617;396;877;564;567;684;557;524;555;622;250;476;575;553;72;0;129;822;326;52;653;784;578;626;570;217;49;714;545;89;289;577;165;598;595;381;594;531;441;202;564;723;736;684;331;545;546;699;34;414;217;584;541;690;599;545;551;619;546;533;197;555;302;570;349;621;683;642;652;669;626;609;576;569;178;560;591;141;90;112;558;741;701;573;397;571;118;595;274;566;25;562;767;364;563;507;24;541;530;810;596;20;631;460;456;747;712;80;749;423;611;611;588;864;762;588;779;534;713;735;678;664;551;520;587;43;596;268;581;380;169;808;713;616;52;546;859;313;570;634;84
Мелия;536;495;286;749;484;450;593;455;395;430;515;121;348;510;443;59;129;0;699;197;180;553;660;451;500;483;90;84;590;417;218;161;483;36;552;481;253;536;403;312;74;443;639;657;602;204;416;418;614;162;286;89;504;419;602;472;416;443;494;427;422;68;428;173;510;220;571;558;549;547;574;522;499;501;440;53;445;492;22;38;241;432;666;575;468;268;473;23;544;145;437;114;439;692;236;494;380;113;415;404;687;508;136;532;331;329;622;622;206;664;295;557;549;518;740;682;477;655;418;588;609;580;573;422;399;462;86;503;139;462;252;46;683;635;549;179;451;736;185;461;525;211
Калелена;168;434;441;322;739;495;718;609;352;422;583;580;358;816;554;750;822;699;0;512;870;641;41;256;204;704;623;782;110;297;907;539;665;666;911;524;450;859;372;399;625;460;781;817;773;495;317;380;761;856;418;614;743;462;738;235;344;578;205;480;556;635;276;534;837;494;906;144;690;607;685;606;561;771;284;646;521;637;695;735;931;392;844;136;594;441;641;717;890;561;338;812;441;856;469;794;324;802;286;413;22;710;824;650;378;375;80;740;890;791;425;885;846;800;42;826;553;45;520;116;99;670;713;325;473;238;779;681;576;478;467;672;22;813;824;875;652;41;517;566;568;906
Фавел;346;322;171;556;419;294;494;341;199;252;383;76;155;472;308;255;326;197;512;0;377;435;472;258;309;403;112;280;402;222;414;45;387;161;543;333;63;509;211;117;125;276;552;579;521;37;219;229;525;359;94;108;435;252;509;280;221;318;307;266;290;129;237;24;482;24;553;369;449;420;468;397;362;446;244;149;298;383;188;235;438;246;595;383;347;72;368;211;528;51;243;310;267;619;43;451;189;309;226;222;502;425;332;421;136;137;434;525;402;575;98;535;512;470;553;601;340;471;273;398;418;468;477;226;235;274;283;409;64;300;56;162;495;561;502;376;355;551;25;329;387;408
Орелера;711;670;439;929;608;619;730;607;576;607;672;301;526;615;604;122;52;180;870;377;0;702;832;627;675;616;269;101;762;595;38;339;625;217;632;646;431;631;583;492;252;616;767;779;728;381;596;598;744;23;465;269;628;593;736;648;597;601;667;598;584;249;605;353;609;400;656;732;689;702;716;676;659;618;619;229;611;639;193;142;62;611;783;750;623;448;619;170;630;326;618;74;615;809;415;604;557;68;590;583;857;641;46;679;510;506;795;757;29;793;475;647;650;629;912;805;639;825;585;762;783;726;710;603;572;635;94;642;320;633;432;221;855;756;656;27;594;906;363;620;685;43
Сасера;513;210;578;433;148;168;78;98;361;249;62;481;434;217;129;605;653;553;641;435;702;0;606;461;495;115;477;606;566;431;731;475;84;524;309;127;445;253;325;415;515;205;143;178;133;467;391;303;120;679;434;494;139;218;98;472;349;117;515;196;145;503;461;445;241;419;293;534;54;34;45;41;88;171;417;535;150;63;532;582;749;280;204;523;89;420;83;549;287;459;340;629;225;219;437;201;449;650;474;277;647;101;669;26;422;442;575;104;731;158;395;274;231;193;665;192;105;623;170;546;553;35;73;371;222;496;623;77;446;178;402;507;619;173;205;686;110;679;460;108;74;712
Сетала;128;399;406;310;701;458;684;572;312;384;548;541;318;778;517;712;784;660;41;472;832;606;0;216;164;667;583;743;70;256;869;500;628;627;873;488;410;821;332;359;586;422;747;783;739;456;277;340;726;818;378;574;706;423;704;194;304;540;165;442;518;596;236;495;799;453;868;103;654;573;651;571;525;734;244;607;483;601;656;696;893;353;810;95;558;401;604;677;852;521;298;773;403;823;429;756;283;764;246;373;41;674;786;614;338;335;39;707;853;758;384;847;809;762;81;793;517;25;482;76;59;636;678;285;434;199;741;645;536;441;426;632;24;779;787;836;614;82;477;529;533;868
Дена;88;259;234;353;525;295;538;402;110;213;399;330;103;598;347;505;578;451;256;258;627;461;216;0;53;494;370;535;148;41;665;290;459;416;688;334;198;641;141;143;377;257;604;638;586;246;74;160;579;611;165;363;533;249;557;22;114;369;60;271;342;385;23;281;616;238;688;113;501;432;505;421;374;557;45;399;317;438;445;488;689;182;662;125;393;186;435;467;669;308;121;564;237;679;216;575;70;559;42;190;249;506;581;462;122;122;177;566;650;619;169;667;633;586;296;653;359;218;307;141;161;495;528;92;253;34;534;480;322;284;211;420;238;628;614;629;439;297;266;365;390;661
Тасера;37;288;267;335;568;332;573;443;157;251;434;380;155;642;387;554;626;500;204;309;675;495;164;53;0;536;421;584;96;94;712;339;500;466;734;369;248;685;185;195;426;294;638;673;623;295;121;200;615;660;216;413;575;289;592;31;156;410;24;310;384;434;72;332;661;290;732;60;537;464;540;456;409;600;88;448;355;477;494;537;736;219;698;75;432;238;475;517;714;359;158;613;274;714;266;620;120;607;85;232;197;547;629;498;174;172;125;599;697;653;221;711;676;629;244;687;396;165;348;89;109;528;564;135;295;41;582;519;373;319;263;470;186;665;656;678;481;244;316;403;422;710
Бесера;559;273;564;533;37;209;115;95;385;286;138;432;443;115;150;530;570;483;704;403;616;115;667;494;536;0;419;525;617;458;641;436;42;459;211;183;429;157;353;414;458;245;156;178;120;438;420;336;131;593;427;439;39;247;121;509;380;127;552;227;152;443;488;407;138;392;202;583;78;138;107;121;152;68;450;474;184;74;461;507;658;317;192;577;110;408;64;475;189;415;378;545;265;216;416;95;465;569;497;304;707;26;587;90;427;446;632;142;644;182;390;181;142;96;733;202;153;680;188;599;610;123;95;403;241;527;544;38;397;226;383;439;682;158;121;597;55;744;427;138;159;621
Авелена;458;406;239;660;425;364;524;379;308;341;435;46;267;462;362;149;217;90;623;112;269;477;583;370;421;419;0;170;513;334;306;87;413;54;517;397;173;493;314;229;40;355;575;596;539;129;330;329;548;250;205;23;444;331;535;392;328;364;418;340;341;25;349;89;466;134;532;480;479;469;502;444;418;446;356;57;361;418;77;127;329;342;607;495;391;185;400;100;506;62;349;200;351;633;154;444;301;203;337;315;613;443;226;459;249;249;545;554;296;599;209;516;502;467;664;620;396;581;334;510;530;507;505;335;311;385;176;435;51;375;165;50;606;575;498;266;381;662;107;381;444;298
Кария;620;568;363;829;521;518;639;510;477;506;574;205;432;536;505;38;49;84;782;280;101;606;743;535;584;525;170;0;673;501;137;245;532;119;564;546;337;557;483;396;158;515;680;694;641;288;499;498;655;81;370;172;541;492;646;556;498;503;578;497;485;151;512;256;532;303;586;642;597;605;623;579;561;534;524;136;511;544;93;47;160;510;700;659;526;352;524;70;560;229;519;30;513;726;320;523;464;44;499;482;770;551;63;584;415;412;706;667;129;705;377;575;573;548;824;719;540;739;485;672;693;632;619;505;471;545;23;550;221;532;334;121;767;671;576;96;500;819;269;522;586;128
Масера;62;356;339;323;651;410;644;523;250;332;506;471;249;727;467;642;714;590;110;402;762;566;70;148;96;617;513;673;0;189;800;430;580;557;820;443;340;770;273;290;516;373;708;744;697;386;214;285;686;748;309;504;657;371;664;127;245;491;95;391;466;526;167;425;746;384;817;36;612;534;611;528;482;684;180;537;435;554;586;626;823;301;770;44;510;332;555;607;800;451;242;703;353;785;359;704;214;694;176;317;101;626;716;572;269;265;35;669;783;721;316;796;759;712;151;756;471;70;431;23;34;597;637;224;380;129;671;598;466;394;358;562;94;738;738;766;564;149;407;481;492;798
Каремара;128;235;221;366;488;263;507;367;73;182;369;295;69;560;313;473;545;417;297;222;595;431;256;41;94;458;334;501;189;0;633;256;424;382;650;304;164;603;106;105;343;226;572;606;553;214;41;128;547;578;130;329;497;216;526;62;82;335;101;237;307;350;30;245;577;201;650;153;468;403;474;390;343;520;30;366;284;404;410;455;656;152;630;163;359;149;400;432;630;273;95;530;206;648;181;537;43;527;45;156;290;471;549;430;85;90;217;535;618;589;129;629;595;549;336;622;327;259;272;180;200;465;496;61;217;71;501;445;285;254;172;384;278;596;577;596;403;337;232;331;361;628
Лутора;749;704;475;966;632;652;756;636;613;643;703;338;563;635;636;160;89;218;907;414;38;731;869;665;712;641;306;137;800;633;0;377;652;254;647;679;469;649;620;529;290;651;791;802;752;419;633;635;768;56;502;306;652;627;761;686;634;632;705;632;615;286;642;391;628;437;672;770;716;732;743;705;691;641;657;266;644;668;229;179;24;647;804;788;653;485;647;207;647;363;655;108;650;831;453;625;595;106;628;619;894;667;84;707;548;543;833;783;24;817;512;665;669;650;949;828;670;863;618;800;821;754;736;640;606;673;132;669;357;667;469;257;893;778;677;45;622;943;401;652;716;25
Солемера;376;367;160;599;450;338;532;380;241;298;425;42;187;498;350;217;289;161;539;45;339;475;500;290;339;436;87;245;430;256;377;0;423;127;564;377;92;534;255;153;87;321;588;613;556;44;258;274;562;322;126;75;467;297;545;311;264;358;334;311;331;96;267;30;506;69;576;398;487;461;506;438;404;475;280;110;341;421;156;199;400;292;629;414;387;110;406;178;551;30;285;275;312;653;77;478;219;271;254;267;528;459;293;460;171;168;462;563;363;612;139;559;539;499;581;636;382;496;316;427;448;507;514;267;280;301;245;445;53;345;99;133;523;595;531;340;391;577;25;371;430;372
Ватора;522;232;542;491;79;170;111;57;352;249;97;423;414;156;113;533;577;483;665;387;625;84;628;459;500;42;413;532;580;424;652;423;0;457;253;142;407;198;319;388;452;207;166;193;136;421;386;300;139;602;403;432;79;211;123;473;346;90;517;190;118;438;455;393;179;374;243;546;66;101;91;81;111;109;415;470;145;32;462;510;670;281;212;539;70;385;24;478;231;403;342;553;227;234;396;136;434;575;465;270;668;47;594;58;399;418;594;141;653;189;364;222;182;137;693;214;112;642;152;561;571;101;92;368;207;493;549;23;388;187;362;438;643;177;159;608;33;705;411;99;118;633
Ланета;503;460;262;713;462;416;567;426;359;395;484;86;313;492;411;95;165;36;666;161;217;524;627;416;466;459;54;119;557;382;254;127;457;0;540;448;219;521;367;277;42;408;615;635;578;171;380;382;589;198;252;53;481;384;577;438;380;413;461;393;391;32;394;137;494;184;557;525;522;517;547;492;467;481;405;29;412;464;30;74;277;396;644;541;438;233;445;51;531;110;401;149;404;670;201;476;346;149;381;368;655;484;173;504;297;294;589;597;242;640;259;543;532;499;707;659;446;623;386;554;575;552;548;386;364;428;123;477;103;428;216;22;650;613;530;215;424;704;150;430;494;247
Илевена;760;484;714;740;175;417;259;304;578;489;347;546;622;97;358;582;598;552;911;543;632;309;873;688;734;211;517;564;820;650;647;564;253;540;0;394;585;56;549;588;555;452;238;223;208;580;614;536;233;611;593;540;175;450;246;705;578;334;748;431;355;536;679;539;75;540;29;785;257;339;278;328;363;144;647;564;391;284;530;563;658;520;207;781;321;570;275;537;22;537;579;574;470;228;569;118;650;606;685;503;913;213;618;289;603;620;837;262;658;256;560;39;79;117;941;243;365;885;391;803;815;298;248;599;440;721;587;242;515;435;541;518;889;201;106;608;260;952;563;349;367;623
Аутина;388;90;462;361;220;43;204;92;234;122;65;391;310;298;49;538;595;481;524;333;646;127;488;334;369;183;397;546;443;304;679;377;142;448;394;0;332;340;199;294;431;78;270;304;254;361;263;176;246;624;317;410;221;93;223;345;222;67;388;72;67;422;334;348;320;314;385;410;169;99;171;87;40;251;289;453;36;113;462;514;699;153;329;401;73;306;119;482;372;366;213;572;98;346;327;277;323;587;347;151;529;186;609;129;299;320;455;232;675;285;278;364;324;279;551;319;30;503;63;424;432;161;195;243;102;368;560;157;357;51;292;435;502;296;301;634;136;564;358;47;59;663
Ролия;284;303;135;513;449;290;510;356;155;233;388;132;95;508;316;309;381;253;450;63;431;445;410;198;248;429;173;337;340;164;469;92;407;219;585;332;0;548;175;63;179;265;571;600;543;50;168;198;544;415;34;166;464;243;526;219;179;330;245;260;300;187;176;85;520;51;593;307;466;425;481;405;365;478;189;202;299;398;247;291;492;219;619;322;358;26;386;269;569;111;201;367;252;641;21;487;128;363;164;199;440;449;385;434;79;76;372;541;455;593;58;574;548;504;491;621;343;408;276;336;357;479;494;179;230;211;337;430;127;292;45;223;433;584;535;432;377;488;68;337;389;464
Новерел;711;430;679;685;121;364;206;250;531;438;292;519;579;43;305;572;594;536;859;509;631;253;821;641;685;157;493;557;770;603;649;534;198;521;56;340;548;0;500;545;533;399;192;182;158;546;566;486;183;609;553;516;120;399;194;657;529;282;700;380;304;514;633;507;28;504;47;735;201;284;223;272;308;89;598;543;339;229;514;551;662;470;171;730;267;531;221;523;34;507;529;569;419;195;532;66;605;599;640;454;862;157;613;233;561;578;786;212;658;212;518;26;28;62;889;205;310;834;340;753;764;243;194;551;390;673;579;187;487;382;503;499;837;158;53;608;207;900;530;295;312;626
Вена;212;139;283;347;384;157;401;261;36;77;263;286;118;457;207;462;531;403;372;211;583;325;332;141;185;353;314;483;273;106;620;255;319;367;549;199;175;500;0;118;334;121;466;500;447;221;67;26;441;564;148;316;392;109;420;156;29;229;200;131;201;335;137;233;476;187;548;237;362;298;368;284;238;416;98;359;178;298;391;441;643;51;523;237;253;150;294;413;529;260;38;513;101;541;182;435;125;516;149;49;371;365;539;324;114;133;295;429;609;483;118;527;492;445;408;516;221;341;166;259;274;360;390;50;111;175;489;339;263;149;155;363;352;489;473;579;298;414;230;225;256;611
Терия;231;253;169;451;439;251;485;333;94;184;355;191;42;504;287;369;441;312;399;117;492;415;359;143;195;414;229;396;290;105;529;153;388;277;588;294;63;545;118;0;239;222;548;579;523;112;105;143;522;475;31;224;452;202;502;165;118;304;196;222;274;245;123;140;519;96;592;255;442;392;454;373;330;470;128;263;265;375;305;351;553;166;599;268;331;44;365;327;570;168;140;426;206;620;77;482;76;423;116;150;391;432;446;407;21;33;320;515;516;568;29;572;542;497;439;598;310;359;245;284;304;449;470;116;193;162;398;410;179;250;68;279;381;565;528;492;361;439;128;307;353;524
Лелора;462;435;221;681;465;397;563;417;324;368;472;49;274;501;398;130;202;74;625;125;252;515;586;377;426;458;40;158;516;343;290;87;452;42;555;431;179;533;334;239;0;385;614;636;579;130;344;352;588;235;213;21;484;362;574;398;346;401;420;372;378;21;354;102;506;149;571;484;518;506;541;481;453;486;367;24;395;457;72;112;314;367;647;501;428;195;439;92;545;75;368;188;380;673;163;484;306;184;341;340;613;483;207;497;258;255;548;593;277;639;223;556;542;507;666;660;431;582;369;514;535;545;544;351;342;388;158;474;75;407;181;56;609;615;538;253;420;663;111;417;480;285
Метина;316;55;390;341;279;38;281;150;157;44;143;341;234;356;95;502;564;443;460;276;616;205;422;257;294;245;355;515;373;226;651;321;207;408;452;78;265;399;121;222;385;0;346;380;329;299;186;98;322;595;246;364;284;24;300;269;145;118;313;24;96;379;256;293;377;255;446;339;243;177;248;164;117;312;213;409;62;182;426;478;672;76;405;332;138;239;183;447;430;315;137;543;21;422;263;334;246;553;270;74;462;253;576;204;224;245;387;309;644;363;209;425;387;340;490;396;102;435;63;355;365;239;271;166;44;292;526;225;310;29;229;398;438;371;365;607;192;500;300;109;136;637
Калетина;656;352;706;551;159;309;65;215;501;391;205;587;571;177;262;686;723;639;781;552;767;143;747;604;638;156;575;680;708;572;791;588;166;615;238;270;571;192;466;548;614;346;0;36;40;587;532;444;27;744;565;594;139;357;47;615;491;244;658;336;274;599;602;559;196;539;213;677;106;175;98;183;230;154;559;631;289;174;617;663;807;422;64;665;217;548;185;631;219;568;483;698;367;76;561;176;588;723;615;417;788;131;741;143;557;577;717;41;795;26;526;199;164;153;804;50;245;765;305;688;694;111;78;513;359;638;699;143;552;320;527;596;759;41;141;747;197;818;577;243;216;770
Фария;691;388;735;585;173;343;100;246;534;425;239;610;603;175;295;702;736;657;817;579;779;178;783;638;673;178;596;694;744;606;802;613;193;635;223;304;600;182;500;579;636;380;36;0;58;614;566;478;58;757;595;616;154;391;81;649;525;275;692;369;305;620;636;584;191;567;196;712;138;210;133;217;264;161;593;651;322;204;635;679;817;456;29;701;249;578;214;648;206;592;517;711;401;42;589;179;621;738;648;451;824;154;755;176;588;608;753;77;807;37;556;185;154;155;839;26;279;800;337;723;730;147;110;546;392;672;714;170;575;354;555;615;795;25;135;759;224;854;603;275;252;780
Оредара;642;341;678;557;120;291;59;190;481;373;191;553;547;139;240;647;684;602;773;521;728;133;739;586;623;120;539;641;697;553;752;556;136;578;208;254;543;158;447;523;579;329;40;58;0;556;513;426;25;705;538;559;100;338;41;598;472;220;642;316;250;563;583;526;159;509;185;664;86;166;89;169;215;114;541;595;269;149;580;625;767;405;77;654;194;521;157;593;188;535;466;659;350;98;532;137;566;685;595;398;779;96;702;125;533;553;707;54;756;65;500;170;131;115;798;81;227;755;282;677;684;107;60;494;338;620;660;113;518;304;498;559;751;43;106;708;166;812;545;222;206;730
Сатора;332;342;134;562;455;320;528;374;204;271;413;85;144;509;339;259;331;204;495;37;381;467;456;246;295;438;129;288;386;214;419;44;421;171;580;361;50;546;221;112;130;299;587;614;556;0;218;242;560;365;84;118;471;276;542;268;227;350;291;292;322;139;224;47;519;48;590;354;483;450;501;428;391;482;239;153;326;416;200;242;443;262;630;370;379;71;402;221;566;68;249;318;288;654;39;488;176;313;211;239;485;460;336;454;129;124;419;559;405;609;103;572;549;507;537;636;369;453;302;384;405;500;511;228;261;258;288;444;87;325;70;176;480;596;539;383;390;534;23;360;416;415
Сарелла;152;195;247;347;450;223;467;328;36;142;328;295;82;523;274;474;545;416;317;219;596;391;277;74;121;420;330;499;214;41;633;258;386;380;614;263;168;566;67;105;344;186;532;566;513;218;0;88;507;578;135;327;459;176;486;91;41;296;134;197;268;348;70;243;541;197;613;177;428;362;434;350;303;483;34;368;244;365;407;454;657;111;590;182;320;148;361;430;595;271;55;529;166;608;181;501;71;528;85;116;313;432;551;390;90;102;238;495;620;549;122;593;558;511;355;582;287;283;233;201;219;425;456;21;178;108;502;406;280;213;165;380;298;556;539;595;365;359;233;292;320;627
Десена;225;114;309;332;368;135;379;243;60;54;241;303;144;443;188;478;546;418;380;229;598;303;340;160;200;336;329;498;285;128;635;274;300;382;536;176;198;486;26;143;352;98;444;478;426;242;88;0;420;579;172;332;375;89;398;173;46;210;217;111;184;351;158;251;462;206;533;249;341;275;346;262;215;400;115;376;157;278;405;456;658;25;502;247;233;173;276;428;515;277;43;527;78;520;203;420;150;532;172;33;380;347;555;302;139;159;304;407;625;461;140;512;476;429;414;494;200;351;148;269;282;337;368;68;95;194;505;320;279;126;175;377;359;469;456;593;281;421;250;205;233;625
Тарена;633;330;680;538;136;285;43;189;476;366;181;560;545;163;237;661;699;614;761;525;744;120;726;579;615;131;548;655;686;547;768;562;139;589;233;246;544;183;441;522;588;322;27;58;25;560;507;420;0;721;539;568;116;332;23;591;466;218;634;310;248;573;578;532;184;512;210;654;80;153;76;159;206;134;535;605;264;147;592;638;784;397;84;643;191;522;158;606;213;541;459;674;342;100;534;159;562;699;590;392;767;105;717;118;531;551;695;30;772;51;500;194;156;138;784;76;220;743;279;666;673;91;52;488;334;614;675;116;525;296;500;570;739;53;131;724;171;798;550;217;194;747
Бенета;696;649;428;910;585;597;707;584;557;587;650;284;509;592;582;106;34;162;856;359;23;679;818;611;660;593;250;81;748;578;56;322;602;198;611;624;415;609;564;475;235;595;744;757;705;365;578;579;721;0;448;251;605;572;713;633;579;578;653;577;561;231;589;336;587;382;634;717;666;679;693;653;637;595;602;212;589;617;174;124;79;591;760;735;601;431;596;151;609;308;599;52;594;786;398;581;541;54;575;563;843;618;36;656;493;490;781;734;52;770;457;626;628;606;898;782;616;812;563;747;768;703;687;585;551;621;77;620;301;611;414;201;841;733;634;21;571;892;347;598;662;51
Аветора;252;281;145;481;450;274;503;350;125;211;376;165;62;512;306;342;414;286;418;94;465;434;378;165;216;427;205;370;309;130;502;126;403;252;593;317;34;553;148;31;213;246;565;595;538;84;135;172;539;448;0;199;463;226;519;186;149;321;214;245;292;220;143;116;526;76;599;275;459;413;473;394;352;480;155;236;286;392;280;324;526;194;615;290;350;25;381;302;576;143;171;400;232;636;51;490;95;396;133;177;409;446;419;426;46;43;340;533;488;586;39;579;551;507;459;615;331;377;265;304;325;469;488;146;215;180;371;425;157;274;56;255;401;580;538;466;374;458;102;327;375;498
Фаверна;450;415;220;663;446;375;543;396;307;348;450;33;260;484;376;147;217;89;614;108;269;494;574;363;413;439;23;172;504;329;306;75;432;53;540;410;166;516;316;224;21;364;594;616;559;118;327;332;568;251;199;0;465;341;554;385;329;380;409;351;356;21;341;85;489;131;555;472;498;485;520;460;432;468;352;44;374;436;81;127;330;347;628;488;407;180;418;104;529;57;349;202;359;653;148;466;293;201;329;320;603;463;224;476;243;241;537;573;294;619;206;539;524;488;655;640;410;571;347;502;522;524;524;334;321;376;175;454;54;386;163;59;598;596;520;268;399;652;97;396;458;300
Мадара;599;311;598;566;20;248;114;134;424;325;172;460;481;80;190;548;584;504;743;435;628;139;706;533;575;39;444;541;657;497;652;467;79;481;175;221;464;120;392;452;484;284;139;154;100;471;459;375;116;605;463;465;0;287;113;548;420;166;592;266;192;467;527;438;104;425;164;623;91;166;118;153;188;33;490;499;223;109;481;526;668;357;164;616;149;444;103;495;153;444;417;559;304;189;450;63;504;585;536;344;746;38;602;115;464;483;672;135;656;165;426;144;103;58;772;179;191;720;227;639;649;137;96;442;281;567;561;67;426;265;418;461;721;132;81;608;94;783;459;177;192;631
Каремера;312;77;370;359;280;50;292;154;144;40;156;317;217;356;98;478;541;419;462;252;593;218;423;249;289;247;331;492;371;216;627;297;211;384;450;93;243;399;109;202;362;24;357;391;338;276;176;89;332;572;226;341;287;0;311;262;135;121;306;22;95;356;246;270;376;231;446;336;253;192;260;176;131;313;205;385;69;189;402;455;649;71;414;331;144;217;187;424;429;291;131;520;26;433;240;333;231;530;258;60;463;258;552;215;206;227;387;321;621;375;187;425;388;341;493;407;113;435;60;354;365;252;281;157;21;283;502;231;286;49;206;374;440;380;368;584;193;503;277;116;152;615
Лусса;610;307;661;517;132;263;20;170;455;344;159;545;524;169;216;650;690;602;738;509;736;98;704;557;592;121;535;646;664;526;761;545;123;577;246;223;526;194;420;502;574;300;47;81;41;542;486;398;23;713;519;554;113;311;0;569;444;198;612;289;228;559;556;516;191;495;224;632;60;131;53;137;184;136;513;591;242;128;580;627;778;376;107;621;170;503;140;595;225;526;437;666;321;122;516;163;541;690;569;371;744;95;708;96;511;531;673;22;764;67;480;208;167;144;761;97;199;721;258;643;650;68;32;466;313;592;665;100;510;274;482;558;716;76;141;717;155;776;533;196;172;741
Вария;67;267;250;342;540;307;549;416;127;225;410;351;125;614;361;527;599;472;235;280;648;472;194;22;31;509;392;556;127;62;686;311;473;438;705;345;219;657;156;165;398;269;615;649;598;268;91;173;591;633;186;385;548;262;569;0;128;383;44;284;356;406;43;303;632;260;704;91;513;442;516;432;385;573;58;420;330;451;466;510;710;194;674;103;406;208;449;488;685;330;132;586;249;691;238;591;92;580;60;204;228;520;602;473;144;144;155;576;671;630;190;683;648;601;275;664;371;197;321;119;139;505;540;106;267;30;555;493;343;295;232;442;217;640;629;650;454;275;287;377;400;682
Лана;184;155;276;336;412;182;425;288;24;100;287;297;108;486;233;475;545;416;344;221;597;349;304;114;156;380;328;498;245;82;634;264;346;380;578;222;179;529;29;118;346;145;491;525;472;227;41;46;466;579;149;329;420;135;444;128;0;256;172;157;228;348;112;245;504;198;576;209;387;321;393;308;262;444;70;371;203;324;405;455;657;70;549;209;279;156;321;428;557;272;22;528;124;566;189;463;107;530;126;76;342;392;553;349;109;126;266;453;622;507;125;555;520;473;380;540;246;313;193;230;245;383;415;22;139;148;503;366;278;172;166;378;324;515;500;594;326;386;239;251;279;626
Илесса;433;151;464;428;161;83;181;33;262;159;72;365;327;239;24;498;551;443;578;318;601;117;540;369;410;127;364;503;491;335;632;358;90;413;334;67;330;282;229;304;401;118;244;275;220;350;296;210;218;578;321;380;166;121;198;383;256;0;427;100;30;390;365;329;260;302;328;456;138;105;152;80;60;194;325;422;57;71;423;474;651;191;297;450;29;306;66;442;313;343;252;527;138;317;321;217;346;545;376;180;580;137;566;104;313;333;505;212;630;264;282;307;269;222;607;294;43;554;63;473;483;150;167;278;118;403;518;110;331;101;286;397;556;263;247;587;74;618;343;22;84;615
Аумара;47;309;252;357;583;350;592;460;170;269;453;376;155;657;404;547;619;494;205;307;667;515;165;60;24;552;418;578;95;101;705;334;517;461;748;388;245;700;200;196;420;313;658;692;642;291;134;217;634;653;214;409;592;306;612;44;172;427;0;327;400;430;75;329;675;289;747;65;556;484;559;475;428;616;102;442;373;495;490;531;729;237;717;86;449;237;493;512;728;356;176;608;292;734;264;634;120;600;81;248;195;564;622;517;175;170;128;619;689;673;223;726;692;645;246;707;414;164;365;95;116;548;583;150;311;34;576;537;371;338;264;467;189;684;672;671;497;244;312;421;442;703
Ровел;333;77;389;364;260;30;270;133;166;59;135;328;238;337;77;485;546;427;480;266;598;196;442;271;310;227;340;497;391;237;632;311;190;393;431;72;260;380;131;222;372;24;336;369;316;292;197;111;310;577;245;351;266;22;289;284;157;100;327;0;76;365;268;283;357;246;426;356;231;171;238;155;110;293;226;395;47;168;409;462;654;91;392;351;122;235;166;431;410;303;152;525;40;411;257;314;253;536;280;82;482;237;559;193;227;247;407;299;627;353;206;405;368;321;511;385;91;455;41;373;384;231;259;179;31;305;509;209;297;35;222;382;458;358;347;589;173;521;291;94;131;619
Новевия;408;137;434;421;185;65;211;61;234;134;94;340;298;261;21;478;533;422;556;290;584;145;518;342;384;152;341;485;466;307;615;331;118;391;355;67;300;304;201;274;378;96;274;305;250;322;268;184;248;561;292;356;192;95;228;356;228;30;400;76;0;367;337;302;281;274;351;431;168;130;181;106;77;217;298;398;41;101;403;454;636;166;327;426;58;276;94;422;334;317;226;510;115;347;292;239;317;526;347;152;558;164;547;134;283;303;482;242;612;294;253;330;293;246;586;324;55;530;36;449;460;179;197;251;90;376;499;139;306;85;257;376;534;292;273;571;98;596;316;40;103;599
Ветина;471;431;238;682;448;389;549;404;327;365;461;55;281;483;387;127;197;68;635;129;249;503;596;385;434;443;25;151;526;350;286;96;438;32;536;422;187;514;335;245;21;379;599;620;563;139;348;351;573;231;220;21;467;356;559;406;348;390;430;365;367;0;363;105;487;152;552;493;504;494;527;469;443;469;373;32;386;443;60;107;309;365;631;509;416;201;425;82;526;77;369;181;375;656;169;466;314;181;350;338;624;468;204;484;264;262;558;579;274;624;226;537;523;489;676;644;421;592;360;523;544;532;530;354;336;397;155;459;72;400;183;39;619;599;520;247;405;673;119;406;469;279
Тетала;109;263;213;373;518;293;537;397;103;212;399;308;82;590;344;483;555;428;276;237;605;461;236;23;72;488;349;512;167;30;642;267;455;394;679;334;176;633;137;123;354;256;602;636;583;224;70;158;578;589;143;341;527;246;556;43;112;365;75;268;337;363;0;260;607;218;680;133;498;432;504;420;373;550;49;377;314;435;423;466;666;181;660;147;389;165;431;445;660;287;123;542;236;678;194;567;48;536;22;186;268;501;559;460;102;100;197;565;627;619;149;659;626;579;317;652;357;236;303;161;182;495;526;90;247;42;512;476;300;283;191;398;259;626;607;607;433;316;244;362;390;639
Лерена;369;341;178;579;421;310;502;350;223;272;395;53;178;471;320;231;302;173;534;24;353;445;495;281;332;407;89;256;425;245;391;30;393;137;539;348;85;507;233;140;102;293;559;584;526;47;243;251;532;336;116;85;438;270;516;303;245;329;329;283;302;105;260;0;480;47;550;392;457;431;476;408;375;447;268;126;312;392;164;211;414;267;600;406;357;96;376;187;525;28;266;286;286;624;65;451;212;285;249;242;525;430;308;430;160;160;456;533;378;582;121;532;512;471;575;607;352;493;286;421;441;478;485;249;252;296;259;416;42;317;79;139;518;566;503;352;361;573;25;341;400;384
Мевена;687;409;651;669;101;342;201;229;506;415;275;492;552;24;283;547;570;510;837;482;609;241;799;616;661;138;466;532;746;577;628;506;179;494;75;320;520;28;476;519;506;377;196;191;159;519;541;462;184;587;526;489;104;376;191;632;504;260;675;357;281;487;607;480;0;476;73;711;190;270;214;256;290;71;574;516;317;211;488;526;641;446;184;707;247;503;201;497;53;480;505;546;396;209;504;43;579;575;614;429;839;142;590;219;534;551;763;211;636;218;491;53;41;49;867;215;290;811;316;729;741;234;187;526;366;648;554;170;459;361;476;473;815;166;56;586;186;877;503;274;295;605
Делвена;327;299;175;533;410;274;480;326;176;229;366;100;135;466;291;278;349;220;494;24;400;419;453;238;290;392;134;303;384;201;437;69;374;184;540;314;51;504;187;96;149;255;539;567;509;48;197;206;512;382;76;131;425;231;495;260;198;302;289;246;274;152;218;47;476;0;548;350;435;402;453;380;344;438;222;173;279;368;210;258;461;223;584;363;331;52;355;233;524;74;219;333;245;607;31;444;170;332;208;199;485;414;355;406;116;119;415;511;425;562;75;530;506;463;534;588;322;453;254;379;399;452;463;203;215;256;306;397;84;280;32;184;476;549;495;399;343;533;46;312;369;431
Фарена;758;475;723;726;167;410;238;296;578;485;335;560;625;90;352;603;621;571;906;553;656;293;868;688;732;202;532;586;817;650;672;576;243;557;29;385;593;47;548;592;571;446;213;196;185;590;613;533;210;634;599;555;164;446;224;704;576;328;747;426;351;552;680;550;73;548;0;782;240;325;259;315;353;134;645;580;385;273;549;583;683;516;179;777;313;576;266;556;26;549;576;596;465;199;576;113;652;628;686;501;908;201;640;274;607;624;833;239;682;230;564;21;62;106;935;215;356;881;386;800;811;280;229;598;438;720;608;230;528;428;548;535;884;175;88;632;254;946;573;341;355;648
Оресера;25;325;315;318;616;376;612;489;213;297;473;439;215;692;433;611;683;558;144;369;732;534;103;113;60;583;480;642;36;153;770;398;546;525;785;410;307;735;237;255;484;339;677;712;664;354;177;249;654;717;275;472;623;336;632;91;209;456;65;356;431;493;133;392;711;350;782;0;579;502;579;496;449;649;144;506;400;521;553;595;793;266;738;28;476;298;521;575;764;418;206;672;319;753;326;669;180;664;143;282;137;592;686;539;234;232;65;637;753;690;281;761;724;678;184;725;438;106;396;30;52;566;605;188;345;97;640;564;433;361;323;530;126;706;704;736;529;184;375;448;461;767
Савел;557;256;601;487;104;206;46;110;397;287;106;488;465;166;157;599;642;549;690;449;689;54;654;501;537;78;479;597;612;468;716;487;66;522;257;169;466;201;362;442;518;243;106;138;86;483;428;341;80;666;459;498;91;253;60;513;387;138;556;231;168;504;498;457;190;435;240;579;0;86;29;84;130;122;456;536;184;67;527;575;733;319;161;569;111;443;81;543;234;468;380;617;264;180;456;152;483;640;511;313;695;56;659;40;451;471;622;76;718;127;420;220;178;141;715;156;142;670;199;592;600;46;29;409;254;535;615;46;452;219;422;504;668;128;152;671;99;728;474;137;122;696
Серел;481;177;557;401;174;142;111;95;333;221;37;470;409;246;111;601;652;547;607;420;702;34;573;432;464;138;469;605;534;403;732;461;101;517;339;99;425;284;298;392;506;177;175;210;166;450;362;275;153;679;413;485;166;192;131;442;321;105;484;171;130;494;432;431;270;402;325;502;86;0;78;26;61;199;387;526;127;72;527;578;751;251;237;490;79;400;92;545;317;447;311;628;197;251;419;229;422;647;446;250;614;128;668;51;397;418;542;135;731;188;374;305;262;222;632;223;82;590;149;513;520;64;106;342;199;466;621;101;435;149;383;502;586;206;237;687;120;646;445;90;42;714
Дерена;557;254;616;471;132;211;33;127;404;292;106;509;475;191;167;624;669;574;685;468;716;45;651;505;540;107;502;623;611;474;743;506;91;547;278;171;481;223;368;454;541;248;98;133;89;501;434;346;76;693;473;520;118;260;53;516;393;152;559;238;181;527;504;476;214;453;259;579;29;78;0;84;131;148;461;559;192;85;552;601;761;324;160;568;123;457;102;569;256;488;384;644;269;175;472;178;491;667;517;320;692;85;686;47;462;482;620;61;745;115;434;241;199;165;709;148;147;668;209;591;597;20;31;414;263;540;641;74;474;222;438;529;663;128;172;699;123;723;493;147;119;724
Тамера;474;172;538;413;158;127;117;69;320;208;23;445;393;233;89;576;626;522;606;397;676;41;571;421;456;121;444;579;528;390;705;438;81;492;328;87;405;272;284;373;481;164;183;217;169;428;350;262;159;653;394;460;153;176;137;432;308;80;475;155;106;469;420;408;256;380;315;496;84;26;84;0;47;186;376;501;109;50;501;552;725;239;243;486;53;380;68;519;306;423;300;602;184;259;397;214;408;621;433;236;611;115;642;44;380;401;539;145;704;199;355;295;253;211;631;232;64;587;129;508;516;76;109;330;181;455;595;86;410;137;362;476;584;210;228;661;96;645;422;68;40;688
Берия;427;127;496;382;189;81;164;71;273;161;25;415;348;267;56;555;609;499;561;362;659;88;525;374;409;152;418;561;482;343;691;404;111;467;363;40;365;308;238;330;453;117;230;264;215;391;303;215;206;637;352;432;188;131;184;385;262;60;428;110;77;443;373;375;290;344;353;449;130;61;131;47;0;220;329;475;66;79;479;531;711;192;289;439;49;340;90;499;341;391;253;585;137;306;359;247;362;602;387;190;566;152;623;90;336;357;493;192;688;246;313;332;291;247;587;279;22;541;89;462;470;122;155;283;138;408;575;122;381;90;324;453;539;257;267;646;112;600;387;39;26;674
Авесера;625;341;612;598;33;276;140;162;448;352;204;466;501;47;217;543;576;501;771;446;618;171;734;557;600;68;446;534;684;520;641;475;109;481;144;251;478;89;416;470;486;312;154;161;114;482;483;400;134;595;480;468;33;313;136;573;444;194;616;293;217;469;550;447;71;438;134;649;122;199;148;186;220;0;514;500;251;141;479;521;656;383;166;643;179;459;132;491;121;451;443;551;331;192;464;30;525;578;558;369;774;71;594;148;483;502;699;157;646;179;444;113;76;29;801;187;221;747;253;666;677;168;124;466;305;590;555;100;432;294;433;460;750;137;58;597;120;812;468;206;224;619
Катала;118;215;251;336;482;250;493;358;70;169;354;319;96;555;303;497;569;440;284;244;619;417;244;45;88;450;356;524;180;30;657;280;415;405;647;289;189;598;98;128;367;213;559;593;541;239;34;115;535;602;155;352;490;205;513;58;70;325;102;226;298;373;49;268;574;222;645;144;456;387;461;376;329;514;0;391;272;394;432;478;681;137;617;149;348;172;391;455;627;295;76;554;192;635;204;533;73;551;69;146;280;462;574;417;109;117;205;521;643;575;148;625;590;543;322;608;314;249;263;168;186;450;483;48;209;79;525;435;306;239;192;406;265;584;570;619;396;326;256;320;345;652
Малора;484;459;235;705;480;419;581;436;349;392;492;73;297;513;419;106;178;53;646;149;229;535;607;399;448;474;57;136;537;366;266;110;470;29;564;453;202;543;359;263;24;409;631;651;595;153;368;376;605;212;236;44;499;385;591;420;371;422;442;395;398;32;377;126;516;173;580;506;536;526;559;501;475;500;391;0;417;476;56;89;290;391;662;523;448;219;457;74;554;99;392;166;403;688;186;496;329;160;363;364;634;499;183;516;281;277;570;611;253;656;247;565;553;519;688;676;452;603;390;536;557;564;562;375;365;409;135;491;99;430;205;50;631;630;550;230;437;683;135;438;501;262
Оресса;377;96;431;380;218;25;224;89;212;104;90;355;284;296;33;502;560;445;521;298;611;150;483;317;355;184;361;511;435;284;644;341;145;412;391;36;299;339;178;265;395;62;289;322;269;326;244;157;264;589;286;374;223;69;242;330;203;57;373;47;41;386;314;312;317;279;385;400;184;127;192;109;66;251;272;417;0;121;426;479;665;136;346;393;76;274;121;447;370;330;198;537;82;364;294;274;299;552;326;129;524;192;573;146;271;292;449;253;640;307;247;364;326;279;550;339;45;497;27;416;426;185;212;225;72;351;524;164;321;45;259;399;499;312;304;600;131;561;323;48;90;629
Лунета;498;204;533;459;111;145;112;42;332;226;65;424;398;188;91;544;591;492;637;383;639;63;601;438;477;74;418;544;554;404;668;421;32;464;284;113;398;229;298;375;457;182;174;204;149;416;365;278;147;617;392;436;109;189;128;451;324;71;495;168;101;443;435;392;211;368;273;521;67;72;85;50;79;141;394;476;121;0;471;520;686;258;226;513;45;375;21;488;262;403;319;567;203;246;389;168;417;587;446;249;641;73;607;40;384;404;567;143;668;194;353;253;212;167;665;224;84;616;133;536;545;89;96;346;188;472;561;44;389;160;354;447;615;192;188;623;49;677;408;74;85;649
Солетала;531;478;291;737;462;432;572;434;384;415;495;115;341;488;423;76;141;22;695;188;193;532;656;445;494;461;77;93;586;410;229;156;462;30;530;462;247;514;391;305;72;426;617;635;580;200;407;405;592;174;280;81;481;402;580;466;405;423;490;409;403;60;423;164;488;210;549;553;527;527;552;501;479;479;432;56;426;471;0;53;253;418;644;569;448;260;451;23;522;137;426;123;423;670;229;472;375;128;410;390;684;486;151;511;324;323;618;601;220;642;285;535;527;496;736;660;458;652;400;583;604;559;552;412;382;457;100;482;128;444;242;28;679;613;527;189;429;733;179;441;505;221
Вадара;574;531;317;788;506;484;619;484;433;467;546;160;386;527;475;24;90;38;735;235;142;582;696;488;537;507;127;47;626;455;179;199;510;74;563;514;291;551;441;351;112;478;663;679;625;242;454;456;638;124;324;127;526;455;627;510;455;474;531;462;454;107;466;211;526;258;583;595;575;578;601;552;531;521;478;89;479;520;53;0;203;469;687;612;499;307;501;32;557;184;475;76;476;713;274;513;418;76;452;442;723;533;99;560;370;366;659;648;168;688;333;571;565;537;777;705;509;692;452;625;646;608;599;461;434;499;48;529;177;497;290;81;720;657;567;141;478;773;223;493;557;173
Лавесса;773;726;499;989;648;674;773;655;636;665;722;362;587;648;656;184;112;241;931;438;62;749;893;689;736;658;329;160;823;656;24;400;670;277;658;699;492;662;643;553;314;672;807;817;767;443;657;658;784;79;526;330;668;649;778;710;657;651;729;654;636;309;666;414;641;461;683;793;733;751;761;725;711;656;681;290;665;686;253;203;0;669;819;812;673;509;666;230;658;387;678;131;672;845;476;640;619;130;651;641;918;684;107;725;572;567;857;799;44;832;536;676;682;665;973;843;690;887;639;823;845;771;753;664;628;697;155;687;380;688;493;280;917;793;690;65;640;967;425;672;736;37
Илетала;242;89;333;321;350;113;356;224;85;32;218;319;169;426;168;491;558;432;392;246;611;280;353;182;219;317;342;510;301;152;647;292;281;396;520;153;219;470;51;166;367;76;422;456;405;262;111;25;397;591;194;347;357;71;376;194;70;191;237;91;166;365;181;267;446;223;516;266;319;251;324;239;192;383;137;391;136;258;418;469;669;0;480;261;212;193;256;440;499;293;61;539;55;498;223;404;175;545;196;29;393;328;568;280;164;183;317;384;637;438;161;495;459;412;425;471;177;365;130;283;295;314;346;91;81;216;518;300;293;102;193;390;371;447;438;605;263;433;268;184;209;636
Аулера;717;414;754;614;183;367;127;266;558;449;265;624;624;172;317;709;741;666;844;595;783;204;810;662;698;192;607;700;770;630;804;629;212;644;207;329;619;171;523;599;647;405;64;29;77;630;590;502;84;760;615;628;164;414;107;674;549;297;717;392;327;631;660;600;184;584;179;738;161;237;160;243;289;166;617;662;346;226;644;687;819;480;0;727;271;597;234;656;192;606;542;716;425;26;607;179;643;743;672;474;851;170;760;200;610;629;779;105;810;64;576;171;145;154;867;38;303;827;359;750;757;174;134;571;414;696;720;189;589;379;574;624;822;35;130;761;241;882;619;298;278;782
Ровера;40;313;338;290;611;369;601;482;217;292;463;455;229;687;426;629;701;575;136;383;750;523;95;125;75;577;495;659;44;163;788;414;539;541;781;401;322;730;237;268;501;332;665;701;654;370;182;247;643;735;290;488;616;331;621;103;209;450;86;351;426;509;147;406;707;363;777;28;569;490;568;486;439;643;149;523;393;513;569;612;812;261;727;0;469;311;514;592;760;433;204;689;312;742;341;665;195;682;160;279;133;585;704;529;247;247;57;625;772;677;293;756;719;672;174;713;429;104;391;23;37;554;594;190;341;115;658;556;447;353;335;545;116;695;697;753;524;177;391;440;449;785
Новерия;453;163;492;430;147;100;153;22;287;180;50;393;354;225;46;522;573;468;594;347;623;89;558;393;432;110;391;526;510;359;653;387;70;438;321;73;358;267;253;331;428;138;217;249;194;379;320;233;191;601;350;407;149;144;170;406;279;29;449;122;58;416;389;357;247;331;313;476;111;79;123;53;49;179;348;448;76;45;448;499;673;212;271;469;0;334;46;466;299;371;274;550;158;291;350;204;372;568;401;204;598;116;589;76;340;360;524;184;652;236;311;292;252;206;623;267;43;572;88;492;501;121;139;301;143;427;542;88;358;117;315;423;573;237;230;608;65;634;372;29;67;636
Тесена;274;277;158;491;429;264;487;333;132;206;363;147;83;491;291;325;397;268;441;72;448;420;401;186;238;408;185;352;332;149;485;110;385;233;570;306;26;531;150;44;195;239;548;578;521;71;148;173;522;431;25;180;444;217;503;208;156;306;237;235;276;201;165;96;503;52;576;298;443;400;457;380;340;459;172;219;274;375;260;307;509;193;597;311;334;0;364;283;553;123;178;382;225;619;33;469;118;380;156;173;432;427;403;410;64;67;362;517;472;570;32;557;530;486;482;598;318;400;251;326;347;455;471;157;204;203;354;408;135;266;30;235;424;562;517;448;356;481;85;313;364;480
Мерел;498;209;522;472;101;146;126;33;328;224;80;408;391;179;88;524;571;473;641;368;619;83;604;435;475;64;400;524;555;400;647;406;24;445;275;119;386;221;294;365;439;183;185;214;157;402;361;276;158;596;381;418;103;187;140;449;321;66;493;166;94;425;431;376;201;355;266;521;81;92;102;68;90;132;391;457;121;21;451;501;666;256;234;514;46;364;0;468;253;387;317;546;203;255;376;158;411;567;441;245;644;71;587;60;376;395;569;157;648;207;343;245;206;160;669;234;89;618;128;537;547;108;109;344;183;469;541;45;372;163;342;428;619;199;183;603;28;681;393;75;100;629
Лусена;553;500;308;760;475;452;587;452;407;437;513;137;364;498;443;56;118;23;717;211;170;549;677;467;517;475;100;70;607;432;207;178;478;51;537;482;269;523;413;327;92;447;631;648;593;221;430;428;606;151;302;104;495;424;595;488;428;442;512;431;422;82;445;187;497;233;556;575;543;545;569;519;499;491;455;74;447;488;23;32;230;440;656;592;466;283;468;0;530;160;449;100;445;682;251;483;397;106;432;412;705;501;128;528;347;345;640;616;197;657;308;543;536;507;758;673;477;674;420;605;626;576;567;435;403;479;78;497;151;465;265;51;701;626;537;166;445;755;201;460;524;198
Фанета;740;462;699;718;153;395;238;282;559;469;325;534;604;75;337;577;595;544;890;528;630;287;852;669;714;189;506;560;800;630;647;551;231;531;22;372;569;34;529;570;545;430;219;206;188;566;595;515;213;609;576;529;153;429;225;685;557;313;728;410;334;526;660;525;53;524;26;764;234;317;256;306;341;121;627;554;370;262;522;557;658;499;192;760;299;553;253;530;0;524;558;570;449;215;553;96;631;602;666;483;892;191;614;266;586;603;817;242;656;239;542;22;58;95;920;228;343;864;370;783;794;276;227;579;420;701;582;220;503;414;525;509;868;184;85;606;239;931;549;327;345;623
Оретора;395;364;190;606;426;329;513;362;250;296;411;26;205;472;336;204;274;145;561;51;326;459;521;308;359;415;62;229;451;273;363;30;403;110;537;366;111;507;260;168;75;315;568;592;535;68;271;277;541;308;143;57;444;291;526;330;272;343;356;303;317;77;287;28;480;74;549;418;468;447;488;423;391;451;295;99;330;403;137;184;387;293;606;433;371;123;387;160;524;0;293;259;308;631;92;453;238;258;275;267;550;438;281;443;187;186;483;544;351;592;149;532;513;474;602;615;369;519;304;448;468;491;495;277;273;322;232;426;23;338;106;112;544;573;506;324;371;599;45;357;417;357
Савена;182;140;297;314;410;175;417;284;46;93;278;319;129;486;229;496;566;437;338;243;618;340;298;121;158;378;349;519;242;95;655;285;342;401;579;213;201;529;38;140;368;137;483;517;466;249;55;43;459;599;171;349;417;131;437;132;22;252;176;152;226;369;123;266;505;219;576;206;380;311;384;300;253;443;76;392;198;319;426;475;678;61;542;204;274;178;317;449;558;293;0;548;116;559;211;463;125;550;139;76;337;389;573;341;131;147;261;445;643;498;147;555;519;472;372;532;239;308;190;226;239;374;407;34;138;155;524;361;298;163;187;398;316;508;498;614;324;379;261;245;269;646
Сесса;650;596;390;859;539;545;659;533;507;535;598;235;462;550;530;63;25;114;812;310;74;629;773;564;613;545;200;30;703;530;108;275;553;149;574;572;367;569;513;426;188;543;698;711;659;318;529;527;674;52;400;202;559;520;666;586;528;527;608;525;510;181;542;286;546;333;596;672;617;628;644;602;585;551;554;166;537;567;123;76;131;539;716;689;550;382;546;100;570;259;548;0;542;742;350;538;494;35;528;511;800;571;44;606;445;442;736;687;103;724;407;587;586;563;853;737;565;768;511;701;722;653;639;535;499;575;37;571;250;559;364;150;796;688;591;66;522;849;299;547;611;98
Делора;295;56;375;333;299;58;301;170;137;24;163;334;216;376;115;499;562;439;441;267;615;225;403;237;274;265;351;513;353;206;650;312;227;404;470;98;252;419;101;206;380;21;367;401;350;288;166;78;342;594;232;359;304;26;321;249;124;138;292;40;115;375;236;286;396;245;465;319;264;197;269;184;137;331;192;403;82;203;423;476;672;55;425;312;158;225;203;445;449;308;116;542;0;443;251;353;226;551;250;56;443;274;574;225;207;228;368;329;642;383;195;444;407;360;471;416;122;416;80;335;345;259;291;146;46;271;523;246;305;48;218;395;419;392;385;606;212;481;291;129;155;637
Талия;732;429;776;618;208;385;142;287;576;466;281;648;644;197;336;735;767;692;856;619;809;219;823;679;714;216;633;726;785;648;831;653;234;670;228;346;641;195;541;620;673;422;76;42;98;654;608;520;100;786;636;653;189;433;122;691;566;317;734;411;347;656;678;624;209;607;199;753;180;251;175;259;306;192;635;688;364;246;670;713;845;498;26;742;291;619;255;682;215;631;559;742;443;0;630;205;663;770;690;493;863;194;786;218;630;650;793;116;837;67;598;193;169;180;878;32;321;841;379;764;770;187;152;588;434;714;747;211;614;396;596;650;834;58;156;788;264;894;643;317;293;808
Белия;303;304;148;524;435;286;501;346;165;234;382;115;113;493;308;293;364;236;469;43;415;437;429;216;266;416;154;320;359;181;453;77;396;201;569;327;21;532;182;77;163;263;561;589;532;39;181;203;534;398;51;148;450;240;516;238;189;321;264;257;292;169;194;65;504;31;576;326;456;419;472;397;359;464;204;186;294;389;229;274;476;223;607;341;350;33;376;251;553;92;211;350;251;630;0;472;146;347;183;201;459;437;370;425;95;94;391;532;439;583;64;558;533;490;510;610;337;427;270;355;376;471;484;190;226;231;321;419;107;290;35;204;452;572;521;415;366;508;52;330;384;447
Аветала;645;366;619;627;57;299;169;186;465;373;232;466;514;23;240;534;563;494;794;451;604;201;756;575;620;95;444;523;704;537;625;478;136;476;118;277;487;66;435;482;484;334;176;179;137;488;501;420;159;581;490;466;63;333;163;591;463;217;634;314;239;466;567;451;43;444;113;669;152;229;178;214;247;30;533;496;274;168;472;513;640;404;179;665;204;469;158;483;96;453;463;538;353;205;472;0;540;566;574;388;796;101;582;178;497;514;721;184;632;200;455;92;61;25;824;205;247;769;274;687;699;198;153;485;325;608;544;128;433;318;442;455;772;155;54;583;142;834;473;231;253;603
Тавена;157;262;179;408;493;281;523;378;90;202;387;260;35;563;326;435;507;380;324;189;557;449;283;70;120;465;301;464;214;43;595;219;434;346;650;323;128;605;125;76;306;246;588;621;566;176;71;150;562;541;95;293;504;231;541;92;107;346;120;253;317;314;48;212;579;170;652;180;483;422;491;408;362;525;73;329;299;417;375;418;619;175;643;195;372;118;411;397;631;238;125;494;226;663;146;540;0;489;40;172;315;481;511;445;55;52;245;552;580;606;104;631;599;553;364;638;344;283;284;209;230;483;511;92;229;86;464;456;252;274;144;350;306;609;582;559;410;363;196;346;381;591
Марелла;643;606;374;863;565;558;683;553;508;543;616;233;457;579;547;54;24;113;802;309;68;650;764;559;607;569;203;44;694;527;106;271;575;149;606;587;363;599;516;423;184;553;723;738;685;313;528;532;699;54;396;201;585;530;690;580;530;545;600;536;526;181;536;285;575;332;628;664;640;647;667;621;602;578;551;160;552;587;128;76;130;545;743;682;568;380;567;106;602;258;550;35;551;770;347;566;489;0;522;517;789;595;23;628;442;437;727;711;93;749;407;617;616;591;844;763;581;758;525;694;715;675;663;535;509;567;28;594;253;571;364;156;788;715;620;74;543;839;295;564;628;105
Белмара;121;280;192;395;526;306;550;408;114;226;412;295;74;597;355;469;541;415;286;226;590;474;246;42;85;497;337;499;176;45;628;254;465;381;685;347;164;640;149;116;341;270;615;648;595;211;85;172;590;575;133;329;536;258;569;60;126;376;81;280;347;350;22;249;614;208;686;143;511;446;517;433;387;558;69;363;326;446;410;452;651;196;672;160;401;156;441;432;666;275;139;528;250;690;183;574;40;522;0;198;276;512;544;473;95;89;208;578;612;632;144;666;633;587;327;665;370;245;313;173;194;509;539;106;258;47;497;486;290;297;183;386;269;638;616;593;442;325;231;374;405;625
Лулия;257;104;319;350;336;109;352;212;84;34;215;293;160;410;158;464;530;404;413;222;583;277;373;190;232;304;315;482;317;156;619;267;270;368;503;151;199;454;49;150;340;74;417;451;398;239;116;33;392;563;177;320;344;60;371;204;76;180;248;82;152;338;186;242;429;199;501;282;313;250;320;236;190;369;146;364;129;249;390;442;641;29;474;279;204;173;245;412;483;267;76;511;56;493;201;388;172;517;198;0;413;316;540;275;151;172;336;381;610;435;142;480;444;397;446;467;173;384;117;301;315;312;341;98;63;224;490;290;266;103;169;362;391;440;424;576;250;454;244;176;209;608
Соледара;162;439;426;340;742;498;724;612;349;424;589;570;350;818;557;738;810;687;22;502;857;647;41;249;197;707;613;770;101;290;894;528;668;655;913;529;440;862;371;391;613;462;788;824;779;485;313;380;767;843;409;603;746;463;744;228;342;580;195;482;558;624;268;525;839;485;908;137;695;614;692;611;566;774;280;634;524;641;684;723;918;393;851;133;598;432;644;705;892;550;337;800;443;863;459;796;315;789;276;413;0;714;811;655;370;366;76;747;877;798;418;887;849;803;59;834;558;32;522;112;98;677;719;322;474;229;767;685;566;482;459;661;34;820;827;862;654;49;506;569;574;894
Валера;569;277;584;528;48;216;90;104;398;296;135;456;459;118;160;556;596;508;710;425;641;101;674;506;547;26;443;551;626;471;667;459;47;484;213;186;449;157;365;432;483;253;131;154;96;460;432;347;105;618;446;463;38;258;95;520;392;137;564;237;164;468;501;430;142;414;201;592;56;128;85;115;152;71;462;499;192;73;486;533;684;328;170;585;116;427;71;501;191;438;389;571;274;194;437;101;481;595;512;316;714;0;613;77;444;463;640;116;670;156;408;180;139;96;738;177;157;688;199;608;617;102;70;415;254;540;570;30;421;233;404;465;688;136;115;623;72;750;449;145;154;647
Ладара;665;629;394;886;582;580;701;573;531;565;637;256;480;594;568;77;20;136;824;332;46;669;786;581;629;587;226;63;716;549;84;293;594;173;618;609;385;613;539;446;207;576;741;755;702;336;551;555;717;36;419;224;602;552;708;602;553;566;622;559;547;204;559;308;590;355;640;686;659;668;686;642;623;594;574;183;573;607;151;99;107;568;760;704;589;403;587;128;614;281;573;44;574;786;370;582;511;23;544;540;811;613;0;647;465;460;749;729;70;767;430;631;630;607;866;780;602;780;547;716;737;694;681;558;532;590;50;613;276;593;387;179;810;731;635;56;563;860;318;585;649;84
Илелия;517;216;568;452;124;167;78;81;359;249;66;464;429;195;121;584;631;532;650;421;679;26;614;462;498;90;459;584;572;430;707;460;58;504;289;129;434;233;324;407;497;204;143;176;125;454;390;302;118;656;426;476;115;215;96;473;349;104;517;193;134;484;460;430;219;406;274;539;40;51;47;44;90;148;417;516;146;40;511;560;725;280;200;529;76;410;60;528;266;443;341;606;225;218;425;178;445;628;473;275;655;77;647;0;415;436;582;108;708;161;386;254;212;171;675;193;103;630;163;552;560;48;66;370;217;496;601;52;429;179;391;487;628;167;186;662;86;688;446;100;83;688
Аудара;210;252;170;437;452;256;493;343;85;185;361;210;21;519;295;388;460;331;378;136;510;422;338;122;174;427;249;415;269;85;548;171;399;297;603;299;79;561;114;21;258;224;557;588;533;129;90;139;531;493;46;243;464;206;511;144;109;313;175;227;283;264;102;160;534;116;607;234;451;397;462;380;336;483;109;281;271;384;324;370;572;164;610;247;340;64;376;347;586;187;131;445;207;630;95;497;55;442;95;151;370;444;465;415;0;20;299;523;534;576;49;587;557;511;418;607;317;338;253;263;283;456;479;103;199;141;416;421;200;253;89;299;360;575;541;511;372;418;147;315;358;543
Рория;209;272;151;449;471;277;513;363;103;205;382;208;21;537;315;384;456;329;375;137;506;442;335;122;172;446;249;412;265;90;543;168;418;294;620;320;76;578;133;33;255;245;577;608;553;124;102;159;551;490;43;241;483;227;531;144;126;333;170;247;303;262;100;160;551;119;624;232;471;418;482;401;357;502;117;277;292;404;323;366;567;183;629;247;360;67;395;345;603;186;147;442;228;650;94;514;52;437;89;172;366;463;460;436;20;0;297;543;529;597;62;605;575;529;416;627;337;334;273;261;282;477;500;118;220;137;413;440;201;273;95;298;358;595;560;507;392;414;144;336;378;539
Новетала;89;366;373;304;666;424;653;538;273;348;516;503;280;743;482;675;747;622;80;434;795;575;39;177;125;632;545;706;35;217;833;462;594;589;837;455;372;786;295;320;548;387;717;753;707;419;238;304;695;781;340;537;672;387;673;155;266;505;128;407;482;558;197;456;763;415;833;65;622;542;620;539;493;699;205;570;449;567;618;659;857;317;779;57;524;362;569;640;817;483;261;736;368;793;391;721;245;727;208;336;76;640;749;582;299;297;0;677;817;728;346;812;774;728;119;763;484;48;447;37;23;606;647;247;398;161;704;611;497;407;388;594;61;748;753;799;579;121;439;495;502;831
Вемара;616;313;676;511;154;272;31;185;465;353;167;564;536;189;228;671;712;622;740;525;757;104;707;566;599;142;554;667;669;535;783;563;141;597;262;232;541;212;429;515;593;309;41;77;54;559;495;407;30;734;533;573;135;321;22;576;453;212;619;299;242;579;565;533;211;511;239;637;76;135;61;145;192;157;521;611;253;143;601;648;799;384;105;625;184;517;157;616;242;544;445;687;329;116;532;184;552;711;578;381;747;116;729;108;523;543;677;0;786;54;494;224;184;164;763;88;208;724;270;648;654;71;49;475;324;600;686;119;528;282;497;578;718;79;159;739;174;778;550;208;177;762
Телора;733;697;456;956;636;647;759;635;601;634;701;326;549;642;633;147;80;206;890;402;29;731;853;650;697;644;296;129;783;618;24;363;653;242;658;675;455;658;609;516;277;644;795;807;756;405;620;625;772;52;488;294;656;621;764;671;622;630;689;627;612;274;627;378;636;425;682;753;718;731;745;704;688;646;643;253;640;668;220;168;44;637;810;772;652;472;648;197;656;351;643;103;642;837;439;632;580;93;612;610;877;670;70;708;534;529;817;786;0;821;500;674;677;657;932;833;667;846;614;783;805;754;739;628;600;657;120;671;346;661;457;248;876;783;684;50;623;926;387;649;713;45
Летора;669;365;728;552;185;326;83;237;519;407;220;611;590;200;282;711;749;664;791;575;793;158;758;619;653;182;599;705;721;589;817;612;189;640;256;285;593;212;483;568;639;363;26;37;65;609;549;461;51;770;586;619;165;375;67;630;507;264;673;353;294;624;619;582;218;562;230;690;127;188;115;199;246;179;575;656;307;194;642;688;832;438;64;677;236;570;207;657;239;592;498;724;383;67;583;200;606;749;632;435;798;156;767;161;576;597;728;54;821;0;547;218;184;177;812;36;262;776;324;700;706;125;98;529;378;654;725;166;576;336;549;621;769;55;163;773;221;828;600;261;230;796
Тавелла;257;245;183;460;413;236;464;311;102;175;337;174;70;477;267;352;423;295;425;98;475;395;384;169;221;390;209;377;316;129;512;139;364;259;560;278;58;518;118;29;223;209;526;556;500;103;122;140;500;457;39;206;426;187;480;190;125;282;223;206;253;226;149;121;491;75;564;281;420;374;434;355;313;444;148;247;247;353;285;333;536;161;576;293;311;32;343;308;542;149;147;407;195;598;64;455;104;407;144;142;418;408;430;386;49;62;346;494;500;547;0;545;516;471;465;576;292;386;226;309;329;430;449;128;176;190;381;387;158;236;44;259;407;542;501;473;336;465;114;288;336;506
Солвера;737;454;704;706;146;389;221;275;557;464;315;543;605;69;331;591;611;557;885;535;647;274;847;667;711;181;516;575;796;629;665;559;222;543;39;364;574;26;527;572;556;425;199;185;170;572;593;512;194;626;579;539;144;425;208;683;555;307;726;405;330;537;659;532;53;530;21;761;220;305;241;295;332;113;625;565;364;253;535;571;676;495;171;756;292;557;245;543;22;532;555;587;444;193;558;92;631;617;666;480;887;180;631;254;587;605;812;224;674;218;545;0;42;85;914;206;335;860;365;779;790;261;211;577;417;700;597;210;511;407;529;521;863;163;69;624;233;925;555;320;334;641
Фатала;700;415;680;664;108;351;180;237;523;427;273;526;574;41;292;586;611;549;846;512;650;231;809;633;676;142;502;573;759;595;669;539;182;532;79;324;548;28;492;542;542;387;164;154;131;549;558;476;156;628;551;524;103;388;167;648;520;269;692;368;293;523;626;512;41;506;62;724;178;262;199;253;291;76;590;553;326;212;527;565;682;459;145;719;252;530;206;536;58;513;519;586;407;169;533;61;599;616;633;444;849;139;630;212;557;575;774;184;677;184;516;42;0;47;875;177;295;822;329;741;752;219;169;542;381;666;595;169;493;368;503;511;824;130;27;627;195;886;534;280;293;646
Оререл;654;369;637;623;61;305;153;190;476;380;230;488;528;26;246;559;588;518;800;470;629;193;762;586;629;96;467;548;712;549;650;499;137;499;117;279;504;62;445;497;507;340;153;155;115;507;511;429;138;606;507;488;58;341;144;601;473;222;645;321;246;489;579;471;49;463;106;678;141;222;165;211;247;29;543;519;279;167;496;537;665;412;154;672;206;486;160;507;95;474;472;563;360;180;490;25;553;591;587;397;803;96;607;171;511;529;728;164;657;177;471;85;47;0;829;180;249;776;282;695;705;185;138;495;334;619;569;125;454;322;459;478;778;130;32;608;148;840;493;234;250;628
Салера;208;461;483;322;768;525;741;639;389;454;609;622;399;846;583;792;864;740;42;553;912;665;81;296;244;733;664;824;151;336;949;581;693;707;941;551;491;889;408;439;666;490;804;839;798;537;355;414;784;898;459;655;772;493;761;275;380;607;246;511;586;676;317;575;867;534;935;184;715;632;709;631;587;801;322;688;550;665;736;777;973;425;867;174;623;482;669;758;920;602;372;853;471;878;510;824;364;844;327;446;59;738;866;675;418;416;119;763;932;812;465;914;875;829;0;848;581;87;551;156;137;693;738;362;506;280;821;708;616;507;507;713;58;837;852;917;682;24;558;595;593;948
Серена;704;400;756;587;199;359;115;265;551;440;254;634;621;200;312;727;762;682;826;601;805;192;793;653;687;202;620;719;756;622;828;636;214;659;243;319;621;205;516;598;660;396;50;26;81;636;582;494;76;782;615;640;179;407;97;664;540;294;707;385;324;644;652;607;215;588;215;725;156;223;148;232;279;187;608;676;339;224;660;705;843;471;38;713;267;598;234;673;228;615;532;737;416;32;610;205;638;763;665;467;834;177;780;193;607;627;763;88;833;36;576;206;177;180;848;0;295;811;355;735;741;159;128;562;409;687;740;192;599;369;576;639;804;50;160;784;246;863;625;293;265;806
Дедара;416;120;476;388;190;64;180;63;256;146;45;393;329;268;34;533;588;477;553;340;639;105;517;359;396;153;396;540;471;327;670;382;112;446;365;30;343;310;221;310;431;102;245;279;227;369;287;200;220;616;331;410;191;113;199;371;246;43;414;91;55;421;357;352;290;322;356;438;142;82;147;64;22;221;314;452;45;84;458;509;690;177;303;429;43;318;89;477;343;369;239;565;122;321;337;247;344;581;370;173;558;157;602;103;317;337;484;208;667;262;292;335;295;249;581;295;0;532;67;452;461;140;169;268;118;393;554;128;359;77;302;431;531;270;271;625;107;593;365;21;48;654
Тарел;131;414;396;335;715;472;701;586;318;396;564;538;318;791;530;707;779;655;45;471;825;623;25;218;165;680;581;739;70;259;863;496;642;623;885;503;408;834;341;359;582;435;765;800;755;453;283;351;743;812;377;571;720;435;721;197;313;554;164;455;530;592;236;493;811;453;881;106;670;590;668;587;541;747;249;603;497;616;652;692;887;365;827;104;572;400;618;674;864;519;308;768;416;841;427;769;283;758;245;384;32;688;780;630;338;334;48;724;846;776;386;860;822;776;87;811;532;0;495;82;71;653;695;292;445;197;735;659;534;455;427;629;40;796;801;831;627;81;475;543;550;862
Бетора;372;109;409;396;220;38;240;95;200;99;112;328;266;296;42;476;534;418;520;273;585;170;482;307;348;188;334;485;431;272;618;316;152;386;391;63;276;340;166;245;369;63;305;337;282;302;233;148;279;563;265;347;227;60;258;321;193;63;365;41;36;360;303;286;316;254;386;396;199;149;209;129;89;253;263;390;27;133;400;452;639;130;359;391;88;251;128;420;370;304;190;511;80;379;270;274;284;525;313;117;522;199;547;163;253;273;447;270;614;324;226;365;329;282;551;355;67;495;0;413;425;204;227;215;55;341;498;173;295;58;235;373;499;325;308;574;133;561;298;62;115;603
Аверел;52;336;344;302;633;391;624;505;237;314;486;468;244;709;449;641;713;588;116;398;762;546;76;141;89;599;510;672;23;180;800;427;561;554;803;424;336;753;259;284;514;355;688;723;677;384;201;269;666;747;304;502;639;354;643;119;230;473;95;373;449;523;161;421;729;379;800;30;592;513;591;508;462;666;168;536;416;536;583;625;823;283;750;23;492;326;537;605;783;448;226;701;335;764;355;687;209;694;173;301;112;608;716;552;263;261;37;648;783;700;309;779;741;695;156;735;452;82;413;0;22;577;617;210;363;126;670;579;462;375;351;559;98;718;720;765;546;157;404;463;472;797
Марена;73;344;366;290;644;401;630;515;253;326;493;489;264;721;460;662;735;609;99;418;783;553;59;161;109;610;530;693;34;200;821;448;571;575;815;432;357;764;274;304;535;365;694;730;684;405;219;282;673;768;325;522;649;365;650;139;245;483;116;384;460;544;182;441;741;399;811;52;600;520;597;516;470;677;186;557;426;545;604;646;845;295;757;37;501;347;547;626;794;468;239;722;345;770;376;699;230;715;194;315;98;617;737;560;283;282;23;654;805;706;329;790;752;705;137;741;461;71;425;22;0;583;624;226;376;148;691;588;482;385;371;580;79;725;730;787;557;141;425;473;479;819
Маверна;545;241;613;451;150;203;48;128;395;283;96;512;469;211;163;632;678;580;670;468;726;35;636;495;528;123;507;632;597;465;754;507;101;552;298;161;479;243;360;449;545;239;111;147;107;500;425;337;91;703;469;524;137;252;68;505;383;150;548;231;179;532;495;478;234;452;280;566;46;64;20;76;122;168;450;564;185;89;559;608;771;314;174;554;121;455;108;576;276;491;374;653;259;187;471;198;483;675;509;312;677;102;694;48;456;477;606;71;754;125;430;261;219;185;693;159;140;653;204;577;583;0;51;405;257;529;649;87;477;212;436;535;648;144;192;709;132;708;493;142;106;734
Лумара;583;281;629;501;113;233;20;138;425;315;131;515;493;164;185;622;664;573;713;477;710;73;678;528;564;95;505;619;637;496;736;514;92;548;248;195;494;194;390;470;544;271;78;110;60;511;456;368;52;687;488;524;96;281;32;540;415;167;583;259;197;530;526;485;187;463;229;605;29;106;31;109;155;124;483;562;212;96;552;599;753;346;134;594;139;471;109;567;227;495;407;639;291;152;484;153;511;663;539;341;719;70;681;66;479;500;647;49;739;98;449;211;169;138;738;128;169;695;227;617;624;51;0;437;282;562;638;70;479;245;450;529;691;101;142;692;125;752;502;165;145;716
Соленета;163;174;266;335;434;203;447;310;29;122;309;302;98;508;256;481;551;422;325;226;603;371;285;92;135;403;335;505;224;61;640;267;368;386;599;243;179;551;50;116;351;166;513;546;494;228;21;68;488;585;146;334;442;157;466;106;22;278;150;179;251;354;90;249;526;203;598;188;409;342;414;330;283;466;48;375;225;346;412;461;664;91;571;190;301;157;344;435;579;277;34;535;146;588;190;485;92;535;106;98;322;415;558;370;103;118;247;475;628;529;128;577;542;495;362;562;268;292;215;210;226;405;437;0;161;126;509;388;285;193;171;385;305;537;523;601;348;367;242;273;300;633
Вавел;320;98;359;379;273;60;295;150;145;54;162;298;212;347;97;458;520;399;473;235;572;222;434;253;295;241;311;471;380;217;606;280;207;364;440;102;230;390;111;193;342;44;359;392;338;261;178;95;334;551;215;321;281;21;313;267;139;118;311;31;90;336;247;252;366;215;438;345;254;199;263;181;138;305;209;365;72;188;382;434;628;81;414;341;143;204;183;403;420;273;138;499;46;434;226;325;229;509;258;63;474;254;532;217;199;220;398;324;600;378;176;417;381;334;506;409;118;445;55;363;376;257;282;161;0;286;482;228;267;65;191;354;452;380;361;563;187;514;260;117;160;594
Лалена;76;293;226;370;558;329;572;436;143;247;433;342;121;631;381;515;587;462;238;274;635;496;199;34;41;527;385;545;129;71;673;301;493;428;721;368;211;673;175;162;388;292;638;672;620;258;108;194;614;621;180;376;567;283;592;30;148;403;34;305;376;397;42;296;648;256;720;97;535;466;540;455;408;590;79;409;351;472;457;499;697;216;696;115;427;203;469;479;701;322;155;575;271;714;231;608;86;567;47;224;229;540;590;496;141;137;161;600;657;654;190;700;666;619;280;687;393;197;341;126;148;529;562;126;286;0;544;514;337;318;230;433;222;663;647;639;473;278;279;399;424;671
Илелена;619;579;355;836;541;531;658;526;481;515;589;207;432;557;519;29;43;86;779;283;94;623;741;534;582;544;176;23;671;501;132;245;549;123;587;560;337;579;489;398;158;526;699;714;660;288;502;505;675;77;371;175;561;502;665;555;503;518;576;509;499;155;512;259;554;306;608;640;615;621;641;595;575;555;525;135;524;561;100;48;155;518;720;658;542;354;541;78;582;232;524;37;523;747;321;544;464;28;497;490;767;570;50;601;416;413;704;686;120;725;381;597;595;569;821;740;554;735;498;670;691;649;638;509;482;544;0;569;226;544;338;128;764;691;598;95;518;816;270;537;601;127
Аусена;541;247;565;499;73;188;90;78;373;268;105;445;436;147;132;553;596;503;681;409;642;77;645;480;519;38;435;550;598;445;669;445;23;477;242;157;430;187;339;410;474;225;143;170;113;444;406;320;116;620;425;454;67;231;100;493;366;110;537;209;139;459;476;416;170;397;230;564;46;101;74;86;122;100;435;491;164;44;482;529;687;300;189;556;88;408;45;497;220;426;361;571;246;211;419;128;456;594;486;290;685;30;613;52;421;440;611;119;671;166;387;210;169;125;708;192;128;659;173;579;588;87;70;388;228;514;569;0;410;204;385;459;659;155;144;625;55;721;434;116;125;650
Ровена;409;360;213;610;408;322;498;348;257;294;400;35;218;452;325;199;268;139;576;64;320;446;536;322;373;397;51;221;466;285;357;53;388;103;515;357;127;487;263;179;75;310;552;575;518;87;280;279;525;301;157;54;426;286;510;343;278;331;371;297;306;72;300;42;459;84;528;433;452;435;474;410;381;432;306;99;321;389;128;177;380;293;589;447;358;135;372;151;503;23;298;250;305;614;107;433;252;253;290;266;566;421;276;429;200;201;497;528;346;576;158;511;493;454;616;599;359;534;295;462;482;477;479;285;267;337;226;410;0;332;114;101;559;556;486;317;355;615;64;345;407;349
Новелора;338;52;418;339;262;20;255;132;185;72;116;363;262;339;78;520;581;462;478;300;633;178;441;284;319;226;375;532;394;254;667;345;187;428;435;51;292;382;149;250;407;29;320;354;304;325;213;126;296;611;274;386;265;49;274;295;172;101;338;35;85;400;283;317;361;280;428;361;219;149;222;137;90;294;239;430;45;160;444;497;688;102;379;353;117;266;163;465;414;338;163;559;48;396;290;318;274;571;297;103;482;233;593;179;253;273;407;282;661;336;236;407;368;322;507;369;77;455;58;375;385;212;245;193;65;318;544;204;332;0;255;416;456;346;346;623;175;518;325;88;107;653
Весена;299;271;180;501;404;251;466;312;144;201;347;132;109;463;273;310;380;252;467;56;432;402;426;211;263;383;165;334;358;172;469;99;362;216;541;292;45;503;155;68;181;229;527;555;498;70;165;175;500;414;56;163;418;206;482;232;166;286;264;222;257;183;191;79;476;32;548;323;422;383;438;362;324;433;192;205;259;354;242;290;493;193;574;335;315;30;342;265;525;106;187;364;218;596;35;442;144;364;183;169;459;404;387;391;89;95;388;497;457;549;44;529;503;459;507;576;302;427;235;351;371;436;450;171;191;230;338;385;114;255;0;215;449;539;490;430;332;507;76;295;348;462
Тевера;507;451;276;709;442;404;549;409;357;387;469;92;317;471;397;104;169;46;672;162;221;507;632;420;470;439;50;121;562;384;257;133;438;22;518;435;223;499;363;279;56;398;596;615;559;176;380;377;570;201;255;59;461;374;558;442;378;397;467;382;376;39;398;139;473;184;535;530;504;502;529;476;453;460;406;50;399;447;28;81;280;390;624;545;423;235;428;51;509;112;398;150;395;650;204;455;350;156;386;362;661;465;179;487;299;298;594;578;248;621;259;521;511;478;713;639;431;629;373;559;580;535;529;385;354;433;128;459;101;416;215;0;655;593;509;216;406;710;155;415;479;248
Лелера;150;412;430;306;717;474;696;588;332;401;561;564;341;794;532;736;808;683;22;495;855;619;24;238;186;682;606;767;94;278;893;523;643;650;889;502;433;837;352;381;609;438;759;795;751;480;298;359;739;841;401;598;721;440;716;217;324;556;189;458;534;619;259;518;815;476;884;126;668;586;663;584;539;750;265;631;499;615;679;720;917;371;822;116;573;424;619;701;868;544;316;796;419;834;452;772;306;788;269;391;34;688;810;628;360;358;61;718;876;769;407;863;824;778;58;804;531;40;499;98;79;648;691;305;452;222;764;659;559;456;449;655;0;791;802;860;630;63;501;544;546;892
Мерена;684;382;719;590;151;334;96;232;524;415;232;590;590;151;283;679;713;635;813;561;756;173;779;628;665;158;575;671;738;596;778;595;177;613;201;296;584;158;489;565;615;371;41;25;43;596;556;469;53;733;580;596;132;380;76;640;515;263;684;358;292;599;626;566;166;549;175;706;128;206;128;210;257;137;584;630;312;192;613;657;793;447;35;695;237;562;199;626;184;573;508;688;392;58;572;155;609;715;638;440;820;136;731;167;575;595;748;79;783;55;542;163;130;130;837;50;270;796;325;718;725;144;101;537;380;663;691;155;556;346;539;593;791;0;111;735;207;851;585;264;246;756
Фалена;680;391;669;638;89;329;154;215;504;406;248;520;558;42;271;588;616;549;824;502;656;205;787;614;656;121;498;576;738;577;677;531;159;530;106;301;535;53;473;528;538;365;141;135;106;539;539;456;131;634;538;520;81;368;141;629;500;247;672;347;273;520;607;503;56;495;88;704;152;237;172;228;267;58;570;550;304;188;527;567;690;438;130;697;230;517;183;537;85;506;498;591;385;156;521;54;582;620;616;424;827;115;635;186;541;560;753;159;684;163;501;69;27;32;852;160;271;801;308;720;730;192;142;523;361;647;598;144;486;346;490;509;802;111;0;634;175;864;525;258;267;654
Фасера;714;661;448;925;588;608;712;591;573;600;658;301;527;593;591;124;52;179;875;376;27;686;836;629;678;597;266;96;766;596;45;340;608;215;608;634;432;608;579;492;253;607;747;759;708;383;595;593;724;21;466;268;608;584;717;650;594;587;671;589;571;247;607;352;586;399;632;736;671;687;699;661;646;597;619;230;600;623;189;141;65;605;761;753;608;448;603;166;606;324;614;66;606;788;415;583;559;74;593;576;862;623;56;662;511;507;799;739;50;773;473;624;627;608;917;784;625;831;574;765;787;709;692;601;563;639;95;625;317;623;430;216;860;735;634;0;577;911;364;607;671;32
Орерия;505;224;513;494;87;157;144;44;330;232;106;390;388;164;98;501;546;451;652;355;594;110;614;439;481;55;381;500;564;403;622;391;33;424;260;136;377;207;298;361;420;192;197;224;166;390;365;281;171;571;374;399;94;193;155;454;326;74;497;173;98;405;433;361;186;343;254;529;99;120;123;96;112;120;396;437;131;49;429;478;640;263;241;524;65;356;28;445;239;371;324;522;212;264;366;142;410;543;442;250;654;72;563;86;372;392;579;174;623;221;336;233;195;148;682;246;107;627;133;546;557;132;125;348;187;473;518;55;355;175;332;406;630;207;175;577;0;692;380;89;126;603
Садара;209;474;474;344;779;536;756;650;394;463;622;619;398;856;594;787;859;736;41;551;906;679;82;297;244;744;662;819;149;337;943;577;705;704;952;564;488;900;414;439;663;500;818;854;812;534;359;421;798;892;458;652;783;503;776;275;386;618;244;521;596;673;316;573;877;533;946;184;728;646;723;645;600;812;326;683;561;677;733;773;967;433;882;177;634;481;681;755;931;599;379;849;481;894;508;834;363;839;325;454;49;750;860;688;418;414;121;778;926;828;465;925;886;840;24;863;593;81;561;157;141;708;752;367;514;278;816;721;615;518;507;710;63;851;864;911;692;0;555;606;606;943
Селена;352;345;154;575;442;319;519;366;216;275;409;64;163;493;334;241;313;185;517;25;363;460;477;266;316;427;107;269;407;232;401;25;411;150;563;358;68;530;230;128;111;300;577;603;545;23;233;250;550;347;102;97;459;277;533;287;239;343;312;291;316;119;244;25;503;46;573;375;474;445;493;422;387;468;256;135;323;408;179;223;425;268;619;391;372;85;393;201;549;45;261;299;291;643;52;473;196;295;231;244;506;449;318;446;147;144;439;550;387;600;114;555;534;493;558;625;365;475;298;404;425;493;502;242;260;279;270;434;64;325;76;155;501;585;525;364;380;555;0;355;413;396
Денета;425;135;470;408;174;72;178;45;260;152;55;380;328;252;21;516;570;461;566;329;620;108;529;365;403;138;381;522;481;331;652;371;99;430;349;47;337;295;225;307;417;109;243;275;222;360;292;205;217;598;327;396;177;116;196;377;251;22;421;94;40;406;362;341;274;312;341;448;137;90;147;68;39;206;320;438;48;74;441;493;672;184;298;440;29;313;75;460;327;357;245;547;129;317;330;231;346;564;374;176;569;145;585;100;315;336;495;208;649;261;288;320;280;234;595;293;21;543;62;463;473;142;165;273;117;399;537;116;345;88;295;415;544;264;258;607;89;606;355;0;64;635
Татина;439;136;520;374;196;102;152;89;292;179;21;441;369;272;82;581;634;525;568;387;685;74;533;390;422;159;444;586;492;361;716;430;118;494;367;59;389;312;256;353;480;136;216;252;206;416;320;233;194;662;375;458;192;152;172;400;279;84;442;131;103;469;390;400;295;369;355;461;122;42;119;40;26;224;345;501;90;85;505;557;736;209;278;449;67;364;100;524;345;417;269;611;155;293;384;253;381;628;405;209;574;154;649;83;358;378;502;177;713;230;336;334;293;250;593;265;48;550;115;472;479;106;145;300;160;424;601;125;407;107;348;479;546;246;267;671;126;606;413;64;0;699
Белена;746;692;478;957;611;638;736;619;605;631;686;333;559;612;620;156;84;211;906;408;43;712;868;661;710;621;298;128;798;628;25;372;633;247;623;663;464;626;611;524;285;637;770;780;730;415;627;625;747;51;498;300;631;615;741;682;626;615;703;619;599;279;639;384;605;431;648;767;696;714;724;688;674;619;652;262;629;649;221;173;37;636;782;785;636;480;629;198;623;357;646;98;637;808;447;603;591;105;625;608;894;647;84;688;543;539;831;762;45;796;506;641;646;628;948;806;654;862;603;797;819;734;716;633;594;671;127;650;349;653;462;248;892;756;654;32;603;943;396;635;699;0
